emoji,Meaning
🥇,ميدالية المركز الأول
🥈,ميدالية المركز الثاني
🥉,ميدالية المركز الثالث
🆎,فئة الدم ايه بي
🏧,ماكينة الصراف الآلي
🅰,فئة الدم ايه
🇦🇫,علم لأفغانستان
🇦🇱,علم لألبانيا
🇩🇿,العلم للجزائر
🇦🇸,العلم لساموا الأمريكية
🇦🇩,علم أندورا
🇦🇴,علم لانجولا
🇦🇮,علم أنغيلا
🇦🇶,علم القارة القطبية الجنوبية
🇦🇬,علم انتيجوا وبربودا
♒,الدلو
🇦🇷,علم الأرجنتين
♈,برج الحمل
🇦🇲,العلم لأرمينيا
🇦🇼,علم لأروبا
🇦🇨,العلم لجزيرة الصعود
🇦🇺,العلم لأستراليا
🇦🇹,علم النمسا
🇦🇿,العلم لأذربيجان
🔙,الى الخلف
🅱,فئة الدم بي
🇧🇸,علم جزر البهاما
🇧🇭,العلم للبحرين
🇧🇩,العلم لبنغلاديش
🇧🇧,العلم لبربادوس
🇧🇾,علم لبيلاروسيا
🇧🇪,علم لبلجيكا
🇧🇿,العلم لبليز
🇧🇯,العلم لبنين
🇧🇲,علم لبرمودا
🇧🇹,العلم لبوتان
🇧🇴,العلم لبوليفيا
🇧🇦,العلم للبوسنة والهرسك
🇧🇼,علم لبوتسوانا
🇧🇻,علم جزيرة بوفيت
🇧🇷,علم للبرازيل
🇮🇴,العلم لمنطقة المحيط الهندي البريطاني
🇻🇬,علم جزر فيرجن البريطانية
🇧🇳,العلم لبروناى
🇧🇬,العلم لبلغاريا
🇧🇫,علم لبوركينا فاسو
🇧🇮,العلم لبوروندي
🆑,البنود
🆒,بارد
🇰🇭,العلم لكمبوديا
🇨🇲,علم الكاميرون
🇨🇦,العلم لكندا
🇮🇨,علم جزر الكناري
♋,سرطان
🇨🇻,علم للرأس الأخضر
♑,الجدي
🇧🇶,العلم لمنطقة البحر الكاريبي هولندا
🇰🇾,علم جزر كايمان
🇨🇫,علم لجمهورية أفريقيا الوسطى
🇪🇦,علم سبتة ومليلية
🇹🇩,العلم لتشاد
🇨🇱,العلم لشيلي
🇨🇳,العلم للصين
🇨🇽,العلم لجزيرة الكريسماس
🎄,شجرة عيد الميلاد
🇨🇵,علم لجزيرة كليبرتون
🇨🇨,علم لجزر كوكوس
🇨🇴,علم لكولومبيا
🇰🇲,علم جزر القمر
🇨🇬,علم الكونغو الكونغو برازافيل
🇨🇩,علم الكونغو الكونغو كينشاسا
🇨🇰,علم جزر كوك
🇨🇷,علم لكوستاريكا
🇭🇷,العلم لكرواتيا
🇨🇺,علم لكوبا
🇨🇼,علم لكوراساو
🇨🇾,العلم لقبرص
🇨🇿,العلم لجمهورية التشيك
🇨🇮,علم لكوت ديفوار
🇩🇰,العلم للدنمارك
🇩🇬,العلم لدييغو غارسيا
🇩🇯,العلم لجيبوتي
🇩🇲,علم لدومينيكا
🇩🇴,العلم لجمهورية الدومينيكان
🔚,النهاية
🇪🇨,علم الاكوادور
🇪🇬,العلم لمصر
🇸🇻,علم للسلفادور
🏴󠁧󠁢󠁥󠁮󠁧󠁿,إنكلترا
🇬🇶,علم لغينيا الاستوائية
🇪🇷,علم لإريتريا
🇪🇪,علم استونيا
🇪🇹,العلم لإثيوبيا
🇪🇺,العلم للاتحاد الأوروبي
🆓,حر
🇫🇰,علم جزر فوكلاند
🇫🇴,علم جزر فارو
🇫🇯,العلم لفيجي
🇫🇮,العلم لفنلندا
🇫🇷,العلم لفرنسا
🇬🇫,علم غيانا الفرنسية
🇵🇫,علم لبولينيزيا الفرنسية
🇹🇫,علم للمناطق الجنوبية الفرنسية
🇬🇦,العلم لغابون
🇬🇲,علم لغامبيا
♊,الجوزاء
🇬🇪,علم لجورجيا
🇩🇪,علم لألمانيا
🇬🇭,العلم لغانا
🇬🇮,علم لجبل طارق
🇬🇷,العلم لليونان
🇬🇱,علم لغرينلاند
🇬🇩,علم غرينادا
🇬🇵,علم لجوادلوب
🇬🇺,العلم لغوام
🇬🇹,علم لغواتيمالا
🇬🇬,علم لجيرنزي
🇬🇳,العلم لغينيا
🇬🇼,العلم لغينيا بيساو
🇬🇾,علم غيانا
🇭🇹,علم هايتي
🇭🇲,علم جزر هيرد وماكدونالد
🇭🇳,العلم لهندوراس
🇭🇰,العلم لهونغ كونغ
🇭🇺,علم المجر
🆔,هوية شخصية
🇮🇸,العلم لأيسلندا
🇮🇳,العلم للهند
🇮🇩,العلم لإندونيسيا
🇮🇷,العلم لإيران
🇮🇶,العلم للعراق
🇮🇪,العلم لأيرلندا
🇮🇲,العلم لجزيرة مان
🇮🇱,العلم لإسرائيل
🇮🇹,علم ايطاليا
🇯🇲,العلم لجامايكا
🇯🇵,العلم لليابان
🉑,قبول
🈸,طلب
🉐,صفقة
🏯,القلعة اليابانية
㊗,تهانينا
🈹,خصم
🎎,دمى
🈚,مجانا
🈁,هنا 
🈷,مبلغ شهري
🈵,غير خال
🈶,غير مجاني
🈺,عمل
🈴,درجة النجاح
🏣,مكتب البريد
🈲,ممنوع
🈯,محجوز
㊙,سر
🈂,سا
🔰,مبتدئ
🈳,خال
🇯🇪,علم جيرسي
🇯🇴,العلم للأردن
🇰🇿,العلم لكازاخستان
🇰🇪,العلم لكينيا
🇰🇮,علم كيريباتي
🇽🇰,العلم لكوسوفو
🇰🇼,العلم للكويت
🇰🇬,العلم لقيرغيزستان
🇱🇦,العلم لاوس
🇱🇻,علم لاتفيا
🇱🇧,العلم للبنان
♌,الأسد
🇱🇸,علم ليسوتو
🇱🇷,علم ليبيريا
♎,برج الميزان
🇱🇾,علم ليبيا
🇱🇮,علم ليختنشتاين
🇱🇹,علم ليتوانيا
🇱🇺,العلم لكسمبرغ
🇲🇴,علم لماكاو
🇲🇰,العلم لمقدونيا
🇲🇬,علم لمدغشقر
🇲🇼,علم ملاوي
🇲🇾,علم لماليزيا
🇲🇻,علم لجزر المالديف
🇲🇱,علم مالي
🇲🇹,علم مالطا
🇲🇭,علم جزر مارشال
🇲🇶,علم مارتينيك
🇲🇷,علم لموريتانيا
🇲🇺,علم لموريشيوس
🇾🇹,علم مايوت
🇲🇽,علم للمكسيك
🇫🇲,علم لميكرونيزيا
🇲🇩,علم لمولدافيا
🇲🇨,علم موناكو
🇲🇳,علم منغوليا
🇲🇪,علم للجبل الأسود
🇲🇸,علم لمونتسيرات
🇲🇦,علم للمغرب
🇲🇿,علم موزمبيق
🤶,السيدة كلوز
🤶🏿,السيدة كلوزلون البشرة الداكن
🤶🏻,السيدة كلوز لون بشرة فاتح
🤶🏾,السيدة كلوز لون بشرة متوسط-داكن
🤶🏼,السيدة كلوز لون بشرة متوسط-فاتح
🤶🏽,السيدة كلوز لون بشرة متوسط
🇲🇲,علم لميانمار
🆕,الجديد
🆖,نانوغرام
🇳🇦,علم ناميبيا
🇳🇷,علم ناورو
🇳🇵,علم لنيبال
🇳🇱,علم لهولندا
🇳🇨,علم لكاليدونيا الجديدة
🇳🇿,علم لنيوزيلندا
🇳🇮,علم لنيكاراغوا
🇳🇪,علم للنيجر
🇳🇬,علم لنيجيريا
🇳🇺,علم نيوي
🇳🇫,علم لجزيرة نورفولك
🇰🇵,علم لكوريا الشمالية
🇲🇵,علم جزر ماريانا الشمالية
🇳🇴,علم النرويج
🆗,حسنا
👌,حسناً
👌🏿,حسناً لون البشرة الداكن
👌🏻,حسناً لون البشرة الفاتحة
👌🏾,حسناً  بشرة متوسط-داكن
👌🏼,حسناً بشرة متوسط-فاتح
👌🏽,حسناً  بشرة متوسط
🔛,على
🅾,فئة الدم اوه
🇴🇲,علم عمان
⛎,الحواء
🅿,موقف سيارات
🇵🇰,علم لباكستان
🇵🇼,علم لبالاو
🇵🇸,علم للأراضي الفلسطينية
🇵🇦,علم لبانما
🇵🇬,علم لبابوا غينيا الجديدة
🇵🇾,علم لباراغواي
🇵🇪,علم لبيرو
🇵🇭,علم للفلبين
♓,برج الحوت
🇵🇳,علم جزر بيتكيرن
🇵🇱,علم لبولندا
🇵🇹,علم البرتغال
🇵🇷,علم لبورتوريكو
🇶🇦,علم قطر
🇷🇴,علم لرومانيا
🇷🇺,علم لروسيا
🇷🇼,علم لرواندا
🇷🇪,علم لريونيون
🔜,قريبًا
🆘,نجدة
♐,القوس
🇼🇸,علم لساموا
🇸🇲,علم سان مارينو
🎅,سانتا
🎅🏿,سانتا كلوز لون البشرة الداكنة
🎅🏻,سانتا كلوز  لون البشرة فاتح
🎅🏾,سانتا كلوز لون البشرة متوسط-داكن
🎅🏼,سانتا كلوزلون البشرة متوسط-فاتح
🎅🏽,سانتا كلوز لون البشرة متوسط
🇸🇦,علم المملكة العربية السعودية
♏,برج العقرب
🏴󠁧󠁢󠁳󠁣󠁴󠁿,أسكتلندا
🇸🇳,علم للسنغال
🇷🇸,علم لصربيا
🇸🇨,علم لسيشيل
🇸🇱,علم لسيراليون
🇸🇬,علم لسنغافورة
🇸🇽,علم لسانت مارتن
🇸🇰,علم لسلوفاكيا
🇸🇮,علم لسلوفينيا
🇸🇧,علم جزر سليمان
🇸🇴,علم الصومال
🇿🇦,علم لجنوب افريقيا
🇬🇸,علم لجنوب جورجيا وجزر ساندويتش الجنوبية
🇰🇷,علم لكوريا الجنوبية
🇸🇸,علم لجنوب السودان
🇪🇸,علم اسبانيا
🇱🇰,علم لسريلانكا
🇧🇱,علم لسانت بارتيليمي
🇸🇭,علم لسانت هيلينا
🇰🇳,علم لسانت كيتس ونيفيس
🇱🇨,علم لسانت لوسيا
🇲🇫,علم لسانت مارتن
🇵🇲,علم لسانت بيير وميكلون
🇻🇨,علم لسانت فنسنت وجزر غرينادين
🗽,تمثال الحرية
🇸🇩,علم للسودان
🇸🇷,علم لسورينام
🇸🇯,علم سفالبارد وجان مايان
🇸🇿,علم لسوازيلاند
🇸🇪,علم للسويد
🇨🇭,علم لسويسرا
🇸🇾,علم لسوريا
🇸🇹,علم لساو تومي وبرينسيبي
🦖,دايناصور
🔝,أعلى
🇹🇼,العلم لتايوان
🇹🇯,علم لطاجيكستان
🇹🇿,علم لتنزانيا
♉,برج الثور
🇹🇭,علم لتايلاند
🇹🇱,علم لتيمور الشرقية
🇹🇬,علم لتوغو
🇹🇰,علم لتوكيلاو
🗼,برج طوكيو
🇹🇴,العلم لتونغا
🇹🇹,علم لترينيداد وتوباغو
🇹🇦,علم تريستان دا كونها
🇹🇳,علم لتونس
🇹🇷,علم لتركيا
🇹🇲,علم تركمانستان
🇹🇨,علم جزر تركس وكايكوس
🇹🇻,علم لتوفالو
🇺🇲,علمًا لجزر الولايات المتحدة البعيدة
🇻🇮,علم جزر فرجن الأمريكية
🆙,فوق
🇺🇬,علم لأوغندا
🇺🇦,علم لأوكرانيا
🇦🇪,علم لدولة الإمارات العربية المتحدة
🇬🇧,علم المملكة المتحدة
🇺🇳,الأمم المتحدة
🇺🇸,علم الولايات المتحدة
🇺🇾,علم لأوروغواي
🇺🇿,العلم لأوزبكستان
🆚,ضد
🇻🇺,علم لفانواتو
🇻🇦,علم الفاتيكان
🇻🇪,علم لفنزويلا
🇻🇳,علم لفيتنام
♍,برج العذراء
🏴󠁧󠁢󠁷󠁬󠁳󠁿,ويلز
🇼🇫,علم للواليس وفوتونا
🇪🇭,علم الصحراء الغربية
🇾🇪,علم لليمن
🇿🇲,علم زامبيا
🇿🇼,علم لزيمبابوي
🎟,تذاكر الدخول
🧑,بالغ
🧑🏿,بالغ لون البشرة الداكنة
🧑🏻,بالغ لون بشرة فاتح
🧑🏾,بالغ لون بشرة متوسط-داكن
🧑🏼,بالغ لون بشرة متوسط-فاتح
🧑🏽,بالغ لون بشرة متوسط
🚡,الترام الجوي
✈,طائرة
🛬,طائرة قادمة
🛫,رحيل الطائرة
⏰,منبه
⚗,الإمبيق أداة كيميائية للتقطير
👽,كائن فضائي
👾,وحش غريب
🚑,سياره اسعاف
🏈,كرة القدم الامريكيه
🏺,جرة
⚓,مذيع الأخبار
💢,غضب
😠,غاضب
👿,عفريت
😧,مهموم
🐜,نملة
📶,قوة الاشارة
😰,عرق بارد
🚛,شاحنة 
🎨,فن
😲,مندهش
⚛,رمز الذرة
🚗,سيارة حمراء
🥑,أفوكادو
👶,طفل
👼,ملاك
👼🏿,ملاك لون البشرة الداكن
👼🏻,ملاك لون بشرة فاتح
👼🏾,ملاك لون بشرة متوسط-داكن
👼🏼,ملاك لون بشرة متوسط-فاتح
👼🏽,ملاك لون بشرة متوسط
🍼,زجاجة الطفل
🐤,طفل كتكوت
👶🏿,الطفل  لون البشرة الداكن
👶🏻,الطفل لون بشرة فاتح
👶🏾,الطفل  لون بشرة متوسط-داكن
👶🏼,الطفل لون بشرة متوسط-فاتح
👶🏽,الطفل لون بشرة متوسط
🚼,رمز الطفل
👇,إصبع لأسفل
👇🏿,إصبع لأسفل لون البشرة الداكن
👇🏻,   إصبع لأسفل لون بشرة فاتح
👇🏾,إصبع لأسفل لون بشرة متوسط-داكن
👇🏼,إصبع لأسفل نقطة لون بشرة متوسط-فاتح
👇🏽,إصبع لأسفل لون بشرة متوسط
👈,إصبع اليسار
👈🏿,إصبع اليسارلون البشرة الداكن
👈🏻,إصبع اليسار لون بشرة فاتح
👈🏾,إصبع اليسار لون بشرة متوسط-داكن
👈🏼,إصبع اليسا لون بشرة متوسط-فاتح
👈🏽,إصبع اليسارلون بشرة متوسط
👉,إصبع لليمين
👉🏿,إصبع لليمين لون البشرة الداكن
👉🏻,إصبع لليمين لون بشرة فاتح
👉🏾,إصبع لليمين لون بشرة متوسط-داكن
👉🏼,إصبع لليمين متوسط-فاتح
👉🏽,إصبع لليمين بشرة متوسط
👆,إصبع لأعلى
👆🏿,إصبع لأعلى لون البشرة الداكن
👆🏻,إصبع لأعلى لون البشرة الفاتح
👆🏾,إصبع لأعلى لون بشرة متوسط-داكن
👆🏼,إصبع لأعلى لون بشرة متوسط-فاتح
👆🏽,إصبع لأعلى لون بشرة متوسط
🥓,لحم خنزير مقدد
🏸,مضرب تنس الريشة 
🛄,استلام الأمتعة
🥖,خبز الرغيف الفرنسي
⚖,ميزان
🎈,بالون
🗳,صندوق اقتراع وورقة اقتراع 
☑,علامه صح
🍌,موز
🏦,بنك
📊,شريط الرسم البياني
💈,حلاق
⚾,البيسبول
🏀,كرة سلة
🦇,خفاش
🛁,حوض الاستحمام
🔋,البطارية
🏖,شاطئ مع مظلة
😁,ابتسامة
🐻,وجه دب
🧔,شخص بلحية
🧔🏿,شخص بلحية لون البشرة الداكن
🧔🏻,شخص بلحية لون بشرة فاتح
🧔🏾,شخص بلحية لون بشرة متوسط-داكن
🧔🏼,شخص بلحية لون بشرة متوسط-فاتح
🧔🏽,شخص بلحية لون بشرة متوسط
💓,قلب يخفق
🛏,السرير
🍺,كأس بيرة
🔔,جرس
🔕,لا جرس
🛎,جرس فندق
🍱,علبة طعام
🚲,دراجة هوائية
👙,ملابس البحر
🧢,قبعة رياضية
☣,خطورة بيولوجية 
🐦,طائر
🎂,كعكة عيد ميلاد
⚫,دائرة سوداء
🏴,علم أسود يرفرف
🖤,قلب أسود
⬛,مربع أسود كبير
◾,مربع أسود صغير
◼,مربع أسود متوسط
✒,سن قلم أسود
▪,مربع أسود صغيرجدا 
🔲,زر مربع أسود
👱‍♂️,رجل أشقر الشعر
👱🏿‍♂️,رجل أشقر الشعرلون البشرة الداكن
👱🏻‍♂️,رجل أشقر الشعر لون بشرة فاتح
👱🏾‍♂️,رجل أشقر الشعر لون بشرة متوسط-داكن
👱🏼‍♂️,رجل أشقر الشعر  لون بشرة متوسط-فاتح
👱🏽‍♂️,رجل أشقر الشعر لون بشرة متوسط
👱‍♀️,امرأة شقراء الشعر
👱🏿‍♀️,امرأة شقراء الشعر لون البشرة الداكن
👱🏻‍♀️,امرأة شقراء الشعر  لون بشرة فاتح
👱🏾‍♀️,امرأة شقراء الشعر لون بشرة متوسط-داكن
👱🏼‍♀️,امرأة شقراء الشعرلون بشرة متوسط-فاتح
👱🏽‍♀️,امرأة شقراء الشعر  لون بشرة متوسط
🌼,زهرة
🐡,السمكة المنتفخة
📘,كتاب أزرق
🔵,دائرة زرقاء كبيرة
💙,قلب ازرق
🐗,خنزير 
💣,قنبلة
🔖,علامة توقف قراءة
📑,لصاقات علامات توقف قراءة 
📚,الكتب
🍾,زجاجة بسدادة مفرقعة
💐,باقة أزهار
🏹,قوس وسهم 
🥣,وعاء مع ملعقة
🎳,البولينج
🥊,قفازات الملاكمة
👦,صبي
👦🏿,صبي  لون البشرة الداكن
👦🏻,صبي لون بشرة فاتح
👦🏾,صبي لون بشرة متوسط-داكن
👦🏼,صبي  لون بشرة متوسط-فاتح
👦🏽,صبي   لون بشرة متوسط
🧠,دماغ
🍞,خبز
🤱,الرضاعة الطبيعية
🤱🏿,الرضاعة الطبيعية  لون البشرة الداكن
🤱🏻,الرضاعة الطبيعية  لون بشرة فاتح
🤱🏾,الرضاعة الطبيعية لون بشرة متوسط-داكن
🤱🏼,الرضاعة الطبيعية لون بشرة متوسط-فاتح
🤱🏽,الرضاعة الطبيعية  لون بشرة متوسط
👰,عروس بطرحة
👰🏿,عروس بطرحة لون البشرة الداكن
👰🏻,عروس بطرحة  لون بشرة فاتح
👰🏾,عروس بطرحة لون بشرة متوسط-داكن
👰🏼,عروس بطرحة  لون بشرة متوسط-فاتح
👰🏽,عروس بطرحة لون بشرة متوسط
🌉,جسر في الليل
💼,حقيبة
🔆,زر سطوع مرتفع
🥦,بروكلي
💔,قلب مجروح
🐛,بق
🏗,إنشاءات
🚅,قطار سريع بوجه محدب
🌯,بوريتو 
🚌,حافلة
🚏,موقف باص
👤,صورة ظلية
👥,صورتان ظليتان
🦋,فراشة
🌵,صبار
📆,تقويم بأوراق
🤙,اتصل بي
🤙🏿,اتصل بي لون البشرة الداكن
🤙🏻,اتصل بي لون بشرة فاتح
🤙🏾,اتصل بي لون بشرة متوسط-داكن
🤙🏼,اتصل بي  لون بشرة متوسط-فاتح
🤙🏽,اتصل بي لون بشرة متوسط
🐫,جمل ذو سنام
📷,الة تصوير
📸,الة تصوير مع فلاش
🏕,تخييم
🕯,شمعة
🍬,حلوى
🥫,طعام معلب
🛶,قارب
🗃,صندوق بطاقات
📇,فهرس بطاقات
🗂,حاجز بطاقات
🎠,حصان الدوامة
🎏,قصاصات ملونة
🥕,جزر
🏰,قلعة أوروبية
🐱,وجه القطة
😹,وجه قطة بدموع فرح
😼,وجه قطة بابتسامة ممتعضة
⛓,سلاسل
📉,مخطط بياني لأسفل
📈,اتجاه لأعلى
💹,مخطط لبيانات متزايدة مع الين
🧀,قطعة جبن
🏁,علم مربعات
🍒,كرز
🌸,زهرة الكرز
🌰,كستناء
🐔,دجاجة
🧒,طفل
🧒🏿,طفل لون بشرة داكن
🧒🏻,طفل لون بشرة فاتح
🧒🏾,طفل لون بشرة متوسطة داكنة
🧒🏼,طفل لون بشرة متوسطة فاتحة
🧒🏽,طفل لون بشرة متوسطة
🚸,عبور أطفال
🐿,سنجاب
🍫,لوح شوكولاتة
🥢,عيدان للأكل
⛪,كنيسة
🚬,سيجارة
🎦,سينما
Ⓜ,حرف إم
🎪,خيمة سيرك
🏙,ناطحات سحاب
🌆,غروب مدينة
🗜,آلة ضغط
🎬,كلاكيت
👏,يدان تصفقان
👏🏿,يدان تصفقان لون بشرة داكنة
👏🏻,يدان تصفقان لون بشرة فاتحة
👏🏾,يدان تصفقان لون بشرة متوسطة داكنة
👏🏼,يدان تصفقان لون بشرة متوسطة فاتحة
👏🏽,يدان تصفقان لون بشرة متوسطة
🏛,مبنى أثري
🍻,كأسا بيرة
🥂,كأسان يرتطمان
📋,لوح كتابة مشبكي
🔃,سهمان رأسيان مع عقارب الساعة
📕,كتاب مغلق
📪,صندوق بريد مغلق بإشارة لأسفل
📫,صندوق بريد مغلق بإشارة مرفوعة
🌂,مظلة مغلقة
☁,سحابة
🌩,سحابة وبرق
⛈,سحابة وبرق ورعد
🌧,سحابة ومطر
🌨,سحابة وثلج
🤡,وجه مهرج
♣,ورقة لعب بشكل شجرة
👝,محفظة يد
🧥,معطف
🍸,كأس عصير كوكتيل
🥥,جوز الهند
⚰,تابوت
💥,تصادم
☄,مذنب
💽,قرص كمبيوتر
🖱,ماوس
🎊,كرة أوراق ملونة
😖,وجه مرتبك
😕,وجه حائر
🚧,تحت الإنشاء
👷,عامل بناء
👷🏿,عامل البناء لون البشرة الداكنة
👷🏻,عامل البناء لون البشرة الفاتحة
👷🏾,عامل البناء لون البشرة المتوسطة الداكنة
👷🏼,عامل البناء لون البشرة المتوسطة الفاتحة
👷🏽,عامل البناء لون البشرة المتوسطة
🎛,أزرار تحكم
🏪,متجر بقالة
🍚,أرز مطبوخ
🍪,بسكويت
🍳,بيضة مقلية
©,علامة حقوق النشر
🛋,أريكة ومصباح
🔄,الأسهم عكس اتجاه عقارب الساعة
💑,زوج وقلب
👨‍❤️‍👨,زوج وقلب رجل ورجل
👩‍❤️‍👨,زوج وقلب امرأة ورجل
👩‍❤️‍👩,زوج وقلب امرأة وامرأة
🐮,وجه بقرة
🤠,وجه بقبعة راعي بقر
🦀,سلطعون
🖍,قلم شمع ملون
💳,بطاقة ائتمان
🌙,هلال
🦗,جراد
🏏,مضرب الكريكيت والكرة
🐊,تمساح
🥐,كرواسون
❌,علامة الرفض
❎,علامة الرفض في مربع
🤞,علامة حظ سعيد
🤞🏿,علامة حظ سعيد لون بشرة داكنة
🤞🏻,علامة حظ سعيد لون بشرة فاتحة
🤞🏾,علامة حظ سعيد لون بشرة متوسطة داكنة
🤞🏼,علامة حظ سعيد لون بشرة متوسطة فاتحة
🤞🏽,علامة حظ سعيد لون بشرة متوسطة 
🎌,علمان متقاطعان
⚔,سيفان متصالبان
👑,تاج
😿,وجه قطة يبكي
😢,وجه يبكي
🔮,كرة كريستال
🥒,خيار
🥤,كأس وقشة للشرب
🥌,حجرة لعبة الكرلنغ
➰,عقدة
💱,صرف عملة
🍛,أرز وكاري
🍮,كريم كراميل
🛃,جمارك
🥩,قطعة لحم
🌀,عاصفة
🗡,خنجر
🍡,حلوى الدانغو
💨,انطلاقة جري
🌳,شجرة زائلة الخضرة
🦌,غزال
🚚,شاحنة نقل
🏬,متجر شامل
🏚,مبنى مهجور
🏜,صحراء
🏝,جزيرة صحراوية
🖥,كمبيوتر
🕵,محقق
🕵🏿,محقق لون البشرة الداكنة
🕵🏻,محقق لون البشرة الفاتحة
🕵🏾,محقق لون البشرة المتوسطة الداكنة
🕵🏼,محقق لون البشرة المتوسطة الفاتحة
🕵🏽,محقق لون البشرة المتوسطة
♦,ورقة لعب بشكل ماسة
💠,ماسة مع نقطة
🔅,زر سطوع منخفض
🎯,لوحة نشان
😞,وجه محبط
💫,دوار
😵,وجه دائخ
🐶,وجه كلب
💵,ورقة دولار
🐬,دولفين
🚪,باب
🔯,نجمة سداسية
➿,عقدة مزدوجة
‼,تعجب مزدوج
🍩,دونات
🕊,حمامة السلام
↙,سهم لأسفل اليسار
↘,سهم لأسفل اليمين
⬇,السهم لأسفل
😓,وجه متوتر
🔽,زر لأسفل
🐉,تنين
🐲,وجه تنين
👗,فستان
🤤,وجه بلعاب سائل
💧,قطرة
🥁,طبلة
🦆,بطة
🥟,زلابية
📀,قرص فيديو رقمي
📧,بريد إلكتروني
🦅,نسر
👂,أذن
👂🏿,أذن لون البشرة الداكنة
👂🏻,أذن لون البشرة الفاتحة
👂🏾,أذن لون البشرة المتوسطة الداكنة
👂🏼,أذن لون البشرة المتوسطة الفاتحة
👂🏽,أذن لون البشرة المتوسطة
🌽,ذرة
🍆,باذنجان
✴,نجمة بثمان نقاط
✳,نجمة ثمانية
🕣,الساعة الثامنة والنصف
🕗,الساعة الثامنة
⏏,زر إخراج
🔌,فيشة كهرباء
🐘,فيل
🕦,الساعة الحادية عشر ونصف
🕚,الساعة الحادية عشرة
🧝,جني صغير
🧝🏿,جني صغير لون البشرة الداكنة
🧝🏻,جني صغير لون البشرة الفاتحة
🧝🏾,جني صغير لون البشرة المتوسطة الداكنة
🧝🏼,جني صغير لون البشرة المتوسطة الفاتحة
🧝🏽,جني صغير لون البشرة المتوسطة
✉,ظرف
📩,بريد صادر
💶,ورقة يورو
🌲,شجرة دائمة الخضرة
🐑,خروف
❗,علامة تعجب
⁉,تعجب واستفهام
🤯,وجه برأس منفجر
😑,وجه بدون تعبير
👁,عين
👁️‍🗨️,عين في فقاعة كلام
👀,عينان
😘,وجه يرسل قبلة
😋,وجه يتلذذ بالطعام
😱,وجه خائف يصرخ
🤮,وجه يتقيأ
🤭,وجه ضاحك مع يد تغطي الفم
🤕,وجه بعصابة رأس
😷,وجه بكمامة
🧐,وجه مع نظارة لعين واحد
😮,وجه بفم مفتوح
🤨,وجه بحاجب مرفوع
🙄,وجه بعينين تدوران
😤,وجه بأنف يصدر بخارًا
🤬,وجه مع رموز على الفم
😂,وجه بدموع فرح
🤒,وجه مع ميزان للحرارة
😛,وجه بلسان متدلٍ
😶,وجه بدون فم
🏭,مصنع
🧚,جنية خيالية
🧚🏿,جنية خيالية لون البشرة الداكنة
🧚🏻,جنية خيالية لون البشرة الفاتحة
🧚🏾,جنية خيالية لون البشرة المتوسطة الداكنة
🧚🏼,جنية خيالية لون البشرة المتوسطة الفاتحة
🧚🏽,جنية خيالية لون البشرة المتوسطة 
🍂,أوراق متساقطة
👪,أسرة
👨‍👦,أسرة رجل وصبي
👨‍👦‍👦,أسرة رجل وصبي وصبي
👨‍👧,أسرة رجل وفتاة
👨‍👧‍👦,أسرة رجل وفتاة وصبي
👨‍👧‍👧,أسرة رجل وفتاة وفتاة
👨‍👨‍👦,أسرة رجل ورجل وصبي
👨‍👨‍👦‍👦,أسرة رجل ورجل وصبي وصبي
👨‍👨‍👧,أسرة رجل ورجل وفتاة
👨‍👨‍👧‍👦,أسرة رجل ورجل وفتاة وصبي
👨‍👨‍👧‍👧,أسرة رجل ورجل وفتاة وفتاة
👨‍👩‍👦,أسرة رجل وسيدة وصبي
👨‍👩‍👦‍👦,أسرة رجل وسيدة وصبي وصبي
👨‍👩‍👧,أسرة رجل وسيدة وفتاة
👨‍👩‍👧‍👦,أسرة رجل وسيدة وفتاة وصبي
👨‍👩‍👧‍👧,أسرة رجل وسيدة وفتاة وفتاة
👩‍👦,أسرة سيدة وصبي
👩‍👦‍👦,أسرة سيدة وصبي وصبي
👩‍👧,أسرة سيدة وفتاة
👩‍👧‍👦,أسرة سيدة وفتاة وصبي
👩‍👧‍👧,أسرة سيدة وفتاة وفتاة
👩‍👩‍👦,أسرة سيدة وسيدة وصبي
👩‍👩‍👦‍👦,أسرة سيدة وسيدة وصبي وصبي
👩‍👩‍👧,أسرة سيدة وسيدة وفتاة
👩‍👩‍👧‍👦,أسرة سيدة وسيدة وفتاة وصبي
👩‍👩‍👧‍👧,أسرة سيدة وسيدة وفتاة وفتاة
⏩,زر تقديم سريع
⏬,زر سريع لأسفل
⏪,زر ترجيع سريع
⏫,زر سريع لأعلى
📠,فاكس
😨,وجه خائف
♀,رمز أنثى
🎡,عجلة دوارة
⛴,عبارة
🏑,عصا الهوكي والكرة
🗄,خزانة ملفات
📁,مجلد ملفات
🎞,شريط سينمائي
📽,جهاز عرض أفلام
🔥,نار
🚒,سيارة إطفاء
🎆,ألعاب نارية
🌓,تربيع أول
🌛,وجه تربيع أول
🐟,سمكة
🍥,كعكة سمك بشكل حلزوني
🎣,صنارة صيد
🕠,الساعة الخامسة والنصف
🕔,الساعة الخامسة
⛳,جولف
🔦,مصباح يدوي
⚜,زنبقة
💪,عضلة الذراع
💪🏿,عضلة الذراع لون البشرة الداكنة
💪🏻,عضلة الذراع لون البشرة الفاتحة
💪🏾,عضلة الذراع لون البشرة المتوسطة الداكنة
💪🏼,عضلة الذراع لون البشرة المتوسطة الفاتحة
💪🏽,عضلة الذراع لون البشرة المتوسطة
💾,قرص مرن
🎴,بطاقات لعب
😳,وجه متورد
🛸,صحن طائر
🌫,ضباب
🌁,ضبابي
🙏,يدان مضمومتان
🙏🏿,يدان مضمومتان لون البشرة الداكنة
🙏🏻,يدان مضمومتان لون البشرة الفاتحة
🙏🏾,يدان مضمومتان لون البشرة المتوسطة الداكنة
🙏🏼,يدان مضمومتان لون البشرة المتوسطة الفاتحة
🙏🏽,يدان مضمومتان لون البشرة المتوسطة
👣,اثر قدمين
🍴,شوكة وسكينة
🍽,طبق وشوكة وسكينة
🥠,كعكة الحظ
⛲,نافورة
🖋,قلم حبر
🕟,الساعة الرابعة والنصف
🍀,ورقة برسيم رباعية
🕓,الساعة الرابعة
🦊,وجه ثعلب
🖼,إطار وصورة
🍟,بطاطس مقلية
🍤,جمبري مقلي
🐸,وجه ضفدع
🐥,كتكوت صغير بوجه للأمام
☹,وجه مقطب
😦,وجه عابس بفم مفتوح
⛽,مضخه وقود
🌕,بدر
🌝,وجه البدر
⚱,جرة
🎲,زهر
⚙,ترس
💎,جوهرة
🧞,مارد سحري
👻,شبح
🦒,زرافة
👧,فتاة
👧🏿,فتاة لون البشرة الداكنة
👧🏻,فتاة لون البشرة الفاتحة
👧🏾,فتاة لون البشرة المتوسطة الداكنة
👧🏼,فتاة لون البشرة المتوسطة الفاتحة
👧🏽,فتاة لون البشرة المتوسطة
🥛,كوب حليب
👓,نظارة طبية
🌎,كرة أرضية تعرض الأمريكتين
🌏,كرة أرضية تعرض آسيا وأستراليا
🌍,كرة أرضية تعرض أوروبا وإفريقيا
🌐,كرة أرضية بخطوط طول
🧤,قفازان
🌟,نجم ساطع
🥅,شبكة المرمى
🐐,ماعز
👺,عفريت
🦍,غوريلا
🎓,قبعة تخرج
🍇,عنب
🍏,تفاح أخضر
📗,كتاب أخضر
💚,قلب أخضر
🥗,سلطة خضراء
😬,وجه متجهم
😺,وجه قطة مبتسم بفم مفتوح
😸,وجه قطة مبتسم بعينين باسمتين
😀,وجه بابتسامة عريضة
😃,وجه مبتسم بعينين كبيرتين
😄,وجه مبتسم بعينين باسمتين
😅,وجه مبتسم ومحرج
😆,وجه مبتسم بعينين مغلقتين
💗,قلب ينمو
💂,حارس
💂🏿,حارس لون البشرة الداكنة
💂🏻,حارس لون البشرة الفاتحة
💂🏾,حارس لون البشرة المتوسطة الداكنة
💂🏼,حارس لون البشرة المتوسطة الفاتحة
💂🏽,حارس لون البشرة المتوسطة
🎸,غيتار
🍔,همبرغر
🔨,مطرقة
⚒,مطرقة ومثقاب
🛠,شاكوش ومفتاح
🐹,وجه حيوان الهمستر
🖐,يد مرفوعة بأصابع متفرقة
🖐🏿,يد مرفوعة بأصابع متفرقة لون البشرة الداكنة
🖐🏻,يد مرفوعة بأصابع متفرقة لون البشرة الفاتحة
🖐🏾,يد مرفوعة بأصابع متفرقة لون البشرة المتوسطة الداكنة
🖐🏼,يد مرفوعة بأصابع متفرقة لون البشرة المتوسطة الفاتحة
🖐🏽,يد مرفوعة بأصابع متفرقة لون البشرة المتوسطة
👜,شنطة يد
🤝,مصافحة
🐣,كتكوت خارج البيضة
🎧,سماعة رأس
🙉,قرد يحجب أذنيه
💟,زخرفة قلب
♥,ورقة قلب
💘,قلب وسهم
💝,قلب عليه شريط
✔,علامة صح
➗,علامة قسمة
💲,علامة دولار
❣,قلب على شكل علامة تعجب
⭕,دائرة كبيرة سميكة
➖,علامة طرح
✖,علامة ضرب سميكة
➕,علامة جمع
🦔,قنفذ
🚁,هليكوبتر
🌿,عشب
🌺,كركديه
👠,حذاء بكعب عال
🚄,قطار سريع
⚡,جهد كهربي عال
🕳,ثقب
🍯,جرة عسل
🐝,نحلة
🚥,إشارة مرور أفقية
🐴,وجه حصان
🏇,سباق خيول
🏇🏿,سباق خيول لون البشرة الداكنة
🏇🏻,سباق خيول لون البشرة الفاتحة
🏇🏾,سباق خيول لون البشرة المتوسطة الداكنة
🏇🏼,سباق خيول لون البشرة المتوسطة الفاتحة
🏇🏽,سباق خيول لون البشرة المتوسطة
🏥,مستشفى
☕,مشروب ساخن
🌭,شطيرة نقانق
🌶,فلفل حار
♨,ينابيع ساخنة
🏨,فندق
⌛,مؤقت رملي غير مكتمل
⏳,مؤقت رملي غير مكتمل
🏠,منزل
🏡,منزل بحديقة
🏘,منازل
🤗,وجه يعانق بابتسامة
💯,مئة درجة
😯,وجه مخفوت الصوت مندهش
🍨,بوظة
🏒,عصا هوكي جليد
⛸,حذاء تزلج
📥,صندوق وارد
📨,بريد وارد
☝,سبابة يشير لأعلى
☝🏿,سبابة يشير لأعلى لون البشرة الداكنة
☝🏻,سبابة يشير لأعلى لون البشرة الفاتحة
☝🏾,سبابة يشير لأعلى لون البشرة المتوسطة الداكنة
☝🏼,سبابة يشير لأعلى لون البشرة المتوسطة الفاتحة
☝🏽,سبابة يشير لأعلى لون البشرة المتوسطة
ℹ,مصدر معلومات
🔤,أبجدية لاتينية
🔡,أحرف صغيرة
🔠,أحرف كبيرة
🔢,أرقام
🔣,رموز
🎃,يقطين الهالوين
👖,بنطلون جينز
🃏,جوكر
🕹,ذراع تحكم
🕋,الكعبة
🔑,مفتاح
⌨,لوحة مفاتيح
#️⃣,هاشتاغ
*️⃣,نجمة
0️⃣,صفر
1️⃣,واحد
🔟,عشرة
2️⃣,اثنان
3️⃣,ثلاثة
4️⃣,اربعة
5️⃣,خمسة
6️⃣,ستة
7️⃣,سبعة
8️⃣,ثمانية
9️⃣,تسعة
🛴,سكوتر بدون محرك
👘,كيمونو ياباني
💋,علامة قبلة
👨‍❤️‍💋‍👨,قبلة رجل ورجل
👩‍❤️‍💋‍👨,قبلة سيدة ورجل
👩‍❤️‍💋‍👩,قبلة سيدة وسيدة
😽,وجه قطة تقبل
😗,وجه يقبل
😚,وجه يقبل بعينين مغلقتين
😙,وجه يقبل بعينين باسمتين
🔪,سكين طهي
🥝,كيوي
🐨,دب كوالا
🏷,ملصق
🐞,دعسوقة
💻,حاسوب محمول
🔷,ماسة زرقاء كبيرة
🔶,ماسة برتقالي كبيرة
🌗,تربيع ثان
🌜,وجه تربيع ثان
⏮,زر آخر المقطع
✝,الصليب
🍃,ورقة متطايرة
📒,دفتر
🤛,قبضة لليسار
🤛🏿,قبضة لليسار لون البشرة الداكنة
🤛🏻,قبضة لليسار لون البشرة الفاتحة
🤛🏾,قبضة لليسار لون البشرة المتوسطة الداكنة
🤛🏼,قبضة لليسار لون البشرة المتوسطة الفاتحة
🤛🏽,قبضة لليسار لون البشرة المتوسطة
↔,سهم لليسار واليمين
⬅,سهم لليسار
↪,سهم أيسر بانحناء أيمن
🛅,أمتعة
🗨,فقاعة كلام يسرى
🍋,ليمون
🐆,فهد
🎚,شريط منزلق
💡,مصباح مضاء
🚈,نقل خفيف
🔗,علامة رابط
🖇,مشبك ورق مقترن
🦁,وجه أسد
💄,أحمر الشفاه
🚮,إشارة صندوق النفايات
🦎,سحلية
🔒,قفل
🔐,قفل مغلق بمفتاح
🔏,قفل مغلق بقلم
🚂,قاطرة بخارية
🍭,مصاصة
😭,وجه يبكي بصوت عالٍ
📢,مكبر الصوت
🤟,علامة أحبك 
🤟🏿,علامة أحبك لون البشرة الداكن
🤟🏻,علامة أحبك لون بشرة فاتح
🤟🏾,علامة أحبك لون بشرة متوسط داكن
🤟🏼,علامة أحبك لون بشرة متوسط فاتح
🤟🏽,علامة أحبك لون بشرة متوسط
🏩,أحب فندق
💌,رسالة حب
🤥,وجه الكذب
🧙,الساحر
🧙🏿,الساحر لون البشرة الداكن
🧙🏻,الساحرلون بشرة فاتح
🧙🏾,الساحر لون بشرة متوسط داكن
🧙🏼,الساحر لون بشرة متوسط فاتح
🧙🏽,الساحر لون بشرة متوسط
🔍,عدسة مكبرة اتجاه اليسار
🔎,عدسة مكبرة اتجاه اليمين
🀄,ما جونغ
♂,رمز ذكر
👨,رجل مبتسم
👫,زوجان
👨‍🎨,رسام
👨🏿‍🎨,رسام لون البشرة الداكن
👨🏻‍🎨,رسام لون بشرة فاتح
👨🏾‍🎨,رسام لون بشرة متوسط داكن
👨🏼‍🎨,رسام لون بشرة متوسط فاتح
👨🏽‍🎨,رسام لون بشرة متوسط
👨‍🚀,رائد فضاء
👨🏿‍🚀,رائد فضاء لون البشرة الداكن
👨🏻‍🚀,رائد فضاء لون بشرة فاتح
👨🏾‍🚀,رائد فضاء لون بشرة متوسط داكن
👨🏼‍🚀,رائد فضاء لون بشرة متوسط فاتح
👨🏽‍🚀,رائد فضاء لون بشرة متوسط
🚴‍♂️,راكب دراجة
🚴🏿‍♂️,راكب دراجة لون البشرة الداكن
🚴🏻‍♂️,راكب دراجة لون بشرة فاتح
🚴🏾‍♂️,راكب دراجة لون بشرة متوسط داكن
🚴🏼‍♂️,راكب دراجة لون بشرة متوسط فاتح
🚴🏽‍♂️,راكب دراجة لون بشرة متوسط
⛹️‍♂️,رجل وكرة
⛹🏿‍♂️,رجل وكرة لون البشرة الداكن
⛹🏻‍♂️,رجل وكرة لون بشرة فاتح
⛹🏾‍♂️,رجل وكرة لون بشرة متوسط داكن
⛹🏼‍♂️,رجل وكرة لون بشرة متوسط فاتح
⛹🏽‍♂️,رجل وكرة لون بشرة متوسط
🙇‍♂️,رجل ينحني اعتذارا
🙇🏿‍♂️,رجل ينحني اعتذارا لون البشرة الداكن
🙇🏻‍♂️,رجل ينحني اعتذارا لون بشرة فاتح
🙇🏾‍♂️,رجل ينحني اعتذارا لون بشرة متوسط داكن
🙇🏼‍♂️,رجل ينحني اعتذارا لون بشرة متوسط فاتح
🙇🏽‍♂️,رجل ينحني اعتذارا لون بشرة متوسط
🤸‍♂️,رجل يفعل حركة العجلة
🤸🏿‍♂️,رجل يفعل حركة العجلة لون البشرة الداكن
🤸🏻‍♂️,رجل يفعل حركة العجلة لون بشرة فاتح
🤸🏾‍♂️,رجل يفعل حركة العجلة لون بشرة متوسط داكن
🤸🏼‍♂️,رجل يفعل حركة العجلة لون بشرة متوسط فاتح
🤸🏽‍♂️,رجل يفعل حركة العجلة لون بشرة متوسط
🧗‍♂️,رجل يتسلق
🧗🏿‍♂️,رجل يتسلق لون البشرة الداكن
🧗🏻‍♂️,رجل يتسلق لون بشرة فاتح
🧗🏾‍♂️,رجل يتسلق لون بشرة متوسط داكن
🧗🏼‍♂️,رجل يتسلق لون بشرة متوسط فاتح
🧗🏽‍♂️,رجل يتسلق لون بشرة متوسط
👷‍♂️,عامل بناء
👷🏿‍♂️,عامل بناء لون البشرة الداكن
👷🏻‍♂️,عامل بناء لون بشرة فاتح
👷🏾‍♂️,عامل بناء لون بشرة متوسط داكن
👷🏼‍♂️,عامل بناء لون بشرة متوسط فاتح
👷🏽‍♂️,عامل بناء لون بشرة متوسط
👨‍🍳,طباخ 
👨🏿‍🍳,طباخ لون البشرة الداكن
👨🏻‍🍳,طباخ لون بشرة فاتح
👨🏾‍🍳,طباخ لون بشرة متوسط داكن
👨🏼‍🍳,طباخ لون بشرة متوسط فاتح
👨🏽‍🍳,طباخ لون بشرة متوسط
🕺,رجل يرقص
🕺🏿,رجل يرقص لون البشرة الداكن
🕺🏻,رجل يرقص لون بشرة فاتح
🕺🏾,رجل يرقص لون بشرة متوسط داكن
🕺🏼,رجل يرقص لون بشرة متوسط فاتح
🕺🏽,رجل يرقص لون بشرة متوسط
👨🏿,رجل لون البشرة الداكن
🕵️‍♂️,محقق
🕵🏿‍♂️,محقق لون البشرة الداكن
🕵🏻‍♂️,محقق لون بشرة فاتح
🕵🏾‍♂️,محقق لون بشرة متوسط داكن
🕵🏼‍♂️,محقق لون بشرة متوسط فاتح
🕵🏽‍♂️,محقق لون بشرة متوسط
🧝‍♂️,جنّي صغير ذكر
🧝🏿‍♂️,جنّي صغير ذكر لون البشرة الداكن
🧝🏻‍♂️,جنّي صغير ذكر لون بشرة فاتح
🧝🏾‍♂️,جنّي صغير ذكر لون بشرة متوسط داكن
🧝🏼‍♂️,جنّي صغير ذكر لون بشرة متوسط فاتح
🧝🏽‍♂️,جنّي صغير ذكر لون بشرة متوسط
🤦‍♂️,رجل يشعر بإحباط
🤦🏿‍♂️,رجل يشعر بإحباط لون البشرة الداكن
🤦🏻‍♂️,رجل يشعر بإحباط لون بشرة فاتح
🤦🏾‍♂️,رجل يشعر بإحباط لون بشرة متوسط داكن
🤦🏼‍♂️,رجل يشعر بإحباط لون بشرة متوسط فاتح
🤦🏽‍♂️,رجل يشعر بإحباط لون بشرة متوسط
👨‍🏭,عامل مصنع
👨🏿‍🏭,عامل مصنع لون البشرة الداكن
👨🏻‍🏭,عامل مصنع لون بشرة فاتح
👨🏾‍🏭,عامل مصنع لون بشرة متوسط داكن
👨🏼‍🏭,عامل مصنع لون بشرة متوسط فاتح
👨🏽‍🏭,عامل مصنع لون بشرة متوسط
🧚‍♂️,جني
🧚🏿‍♂️,جني لون البشرة الداكن
🧚🏻‍♂️,جني لون بشرة فاتح
🧚🏾‍♂️,جني لون بشرة متوسط داكن
🧚🏼‍♂️,جني لون بشرة متوسط فاتح
🧚🏽‍♂️,جني لون بشرة متوسط
👨‍🌾,مزارع
👨🏿‍🌾,مزارع لون البشرة الداكن
👨🏻‍🌾,مزارع لون بشرة فاتح
👨🏾‍🌾,مزارع لون بشرة متوسط داكن
👨🏼‍🌾,مزارع لون بشرة متوسط فاتح
👨🏽‍🌾,مزارع لون بشرة متوسط
👨‍🚒,رجل اطفاء 
👨🏿‍🚒,رجل اطفاء لون البشرة الداكن
👨🏻‍🚒,رجل اطفاء لون بشرة فاتح
👨🏾‍🚒,رجل اطفاء لون بشرة متوسط داكن
👨🏼‍🚒,رجل اطفاء لون بشرة متوسط فاتح
👨🏽‍🚒,رجل اطفاء لون بشرة متوسط
🙍‍♂️,رجل عبوس 
🙍🏿‍♂️,رجل عبوس لون البشرة الداكن
🙍🏻‍♂️,رجل عبوس لون بشرة فاتح
🙍🏾‍♂️,رجل عبوس لون بشرة متوسط داكن
🙍🏼‍♂️,رجل عبوس لون بشرة متوسط فاتح
🙍🏽‍♂️,رجل عبوس لون بشرة متوسط
🧞‍♂️,مارد
🙅‍♂️,رجل يشير بالرفض 
🙅🏿‍♂️,رجل يشير بالرفض لون البشرة الداكن
🙅🏻‍♂️,رجل يشير بالرفض لون بشرة فاتح
🙅🏾‍♂️,رجل يشير بالرفض لون بشرة متوسط داكن
🙅🏼‍♂️,رجل يشير بالرفض لون بشرة متوسط فاتح
🙅🏽‍♂️,رجل يشير بالرفض لون بشرة متوسط
🙆‍♂️,رجل يشير بالموافقة 
🙆🏿‍♂️,رجل يشير بالموافقة لون البشرة الداكن
🙆🏻‍♂️,رجل يشير بالموافقة لون بشرة فاتح
🙆🏾‍♂️,رجل يشير بالموافقة لون بشرة متوسط داكن
🙆🏼‍♂️,رجل يشير بالموافقة لون بشرة متوسط فاتح
🙆🏽‍♂️,رجل يشير بالموافقة لون بشرة متوسط
💇‍♂️,رجل يقص شعره 
💇🏿‍♂️,رجل يقص شعره لون البشرة الداكن
💇🏻‍♂️,رجل يقص شعره لون بشرة فاتح
💇🏾‍♂️,رجل يقص شعره لون بشرة متوسط داكن
💇🏼‍♂️,رجل يقص شعره لون بشرة متوسط فاتح
💇🏽‍♂️,رجل يقص شعره لون بشرة متوسط
💆‍♂️,رجل يحصل على التدليك 
💆🏿‍♂️,رجل يحصل على التدليك لون البشرة الداكن
💆🏻‍♂️,رجل يحصل على التدليك لون بشرة فاتح
💆🏾‍♂️,رجل يحصل على التدليك لون بشرة متوسط داكن
💆🏼‍♂️,رجل يحصل على التدليك لون بشرة متوسط فاتح
💆🏽‍♂️,رجل يحصل على التدليك لون بشرة متوسط
🏌️‍♂️,لاعب غولف 
🏌🏿‍♂️,لاعب غولف لون البشرة الداكن
🏌🏻‍♂️,لاعب غولف لون بشرة فاتح
🏌🏾‍♂️,لاعب غولف لون بشرة متوسط داكن
🏌🏼‍♂️,لاعب غولف لون بشرة متوسط فاتح
🏌🏽‍♂️,لاعب غولف لون بشرة متوسط
💂‍♂️,رجل حراسة 
💂🏿‍♂️,رجل حراسة لون البشرة الداكن
💂🏻‍♂️,رجل حراسة لون بشرة فاتح
💂🏾‍♂️,رجل حراسة لون بشرة متوسط داكن
💂🏼‍♂️,رجل حراسة لون بشرة متوسط فاتح
💂🏽‍♂️,رجل حراسة لون بشرة متوسط
👨‍⚕️,عامل صحي 
👨🏿‍⚕️,عامل صحي لون البشرة الداكن
👨🏻‍⚕️,عامل صحي لون بشرة فاتح
👨🏾‍⚕️,عامل صحي لون بشرة متوسط داكن
👨🏼‍⚕️,عامل صحي لون بشرة متوسط فاتح
👨🏽‍⚕️,عامل صحي لون بشرة متوسط
🧘‍♂️,رجل متربع 
🧘🏿‍♂️,رجل متربع لون البشرة الداكن
🧘🏻‍♂️,رجل متربع لون بشرة فاتح
🧘🏾‍♂️,رجل متربع لون بشرة متوسط داكن
🧘🏼‍♂️,رجل متربع لون بشرة متوسط فاتح
🧘🏽‍♂️,رجل متربع لون بشرة متوسط
🧖‍♂️,رجل يأخذ حمّام بخار 
🧖🏿‍♂️,رجل يأخذ حمّام بخار لون البشرة الداكن
🧖🏻‍♂️,رجل يأخذ حمّام بخار لون بشرة فاتح
🧖🏾‍♂️,رجل يأخذ حمّام بخار لون بشرة متوسط داكن
🧖🏼‍♂️,رجل يأخذ حمّام بخار لون بشرة متوسط فاتح
🧖🏽‍♂️,رجل يأخذ حمّام بخار لون بشرة متوسط
🕴,رجل اعمال 
🕴🏿,رجل اعمال لون البشرة الداكن
🕴🏻,رجل اعمال لون بشرة فاتح
🕴🏾,رجل اعمال لون بشرة متوسط داكن
🕴🏼,رجل اعمال لون بشرة متوسط فاتح
🕴🏽,رجل اعمال لون بشرة متوسط
🤵,رجل ببدلة رسمية 
🤵🏿,رجل ببدلة رسمية لون البشرة الداكن
🤵🏻,رجل ببدلة رسمية لون بشرة فاتح
🤵🏾,رجل ببدلة رسمية لون بشرة متوسط داكن
🤵🏼,رجل ببدلة رسمية لون بشرة متوسط فاتح
🤵🏽,رجل ببدلة رسمية لون بشرة متوسط
👨‍⚖️,قاضي 
👨🏿‍⚖️,قاضي لون البشرة الداكن
👨🏻‍⚖️,قاضي لون بشرة فاتح
👨🏾‍⚖️,قاضي لون بشرة متوسط داكن
👨🏼‍⚖️,قاضي لون بشرة متوسط فاتح
👨🏽‍⚖️,قاضي لون بشرة متوسط
🤹‍♂️,لاعب خفة ِ
🤹🏿‍♂️,لاعب خفة ِلون البشرة الداكن
🤹🏻‍♂️,لاعب خفة ِلون بشرة فاتح
🤹🏾‍♂️,لاعب خفة ِلون بشرة متوسط داكن
🤹🏼‍♂️,لاعب خفة ِلون بشرة متوسط فاتح
🤹🏽‍♂️,لاعب خفة ِلون بشرة متوسط
🏋️‍♂️,رجل يرفع الأثقال 
🏋🏿‍♂️,رجل يرفع الأثقال لون البشرة الداكن
🏋🏻‍♂️,رجل يرفع الأثقال لون بشرة فاتح
🏋🏾‍♂️,رجل يرفع الأثقال لون بشرة متوسط داكن
🏋🏼‍♂️,رجل يرفع الأثقال لون بشرة متوسط فاتح
🏋🏽‍♂️,رجل يرفع الأثقال لون بشرة متوسط
👨🏻,رجل مبتسم لون بشرة فاتح
🧙‍♂️,ساحر بلحية 
🧙🏿‍♂️,ساحر بلحية لون البشرة الداكن
🧙🏻‍♂️,ساحر بلحية لون بشرة فاتح
🧙🏾‍♂️,ساحر بلحية لون بشرة متوسط داكن
🧙🏼‍♂️,ساحر بلحية لون بشرة متوسط فاتح
🧙🏽‍♂️,ساحر بلحية لون بشرة متوسط
👨‍🔧,ميكانيكي 
👨🏿‍🔧,ميكانيكي لون البشرة الداكن
👨🏻‍🔧,ميكانيكي لون بشرة فاتح
👨🏾‍🔧,ميكانيكي لون بشرة متوسط داكن
👨🏼‍🔧,ميكانيكي لون بشرة متوسط فاتح
👨🏽‍🔧,ميكانيكي لون بشرة متوسط
👨🏾,رجل مبتسم لون بشرة متوسط داكن 
👨🏼,رجل مبتسم لون بشرة متوسط فاتح
👨🏽,رجل مبتسم لون بشرة متوسط
🚵‍♂️,متسلق جبال بدراجة 
🚵🏿‍♂️,متسلق جبال بدراجة لون البشرة الداكن
🚵🏻‍♂️,متسلق جبال بدراجة لون بشرة فاتح
🚵🏾‍♂️,متسلق جبال بدراجة لون بشرة متوسط داكن
🚵🏼‍♂️,متسلق جبال بدراجة لون بشرة متوسط فاتح
🚵🏽‍♂️,متسلق جبال بدراجة لون بشرة متوسط
👨‍💼,موظف في مكتب 
👨🏿‍💼,موظف في مكتب لون البشرة الداكن
👨🏻‍💼,موظف في مكتب لون بشرة فاتح
👨🏾‍💼,موظف في مكتب لون بشرة متوسط داكن
👨🏼‍💼,موظف في مكتب لون بشرة متوسط فاتح
👨🏽‍💼,موظف في مكتب لون بشرة متوسط
👨‍✈️,طيار 
👨🏿‍✈️,طيار لون البشرة الداكن
👨🏻‍✈️,طيار لون بشرة فاتح
👨🏾‍✈️,طيار لون بشرة متوسط داكن
👨🏼‍✈️,طيار لون بشرة متوسط فاتح
👨🏽‍✈️,طيار لون بشرة متوسط
🤾‍♂️,لاعب كرة يد 
🤾🏿‍♂️,لاعب كرة يد لون البشرة الداكن
🤾🏻‍♂️,لاعب كرة يد لون بشرة فاتح
🤾🏾‍♂️,لاعب كرة يد لون بشرة متوسط داكن
🤾🏼‍♂️,لاعب كرة يد لون بشرة متوسط فاتح
🤾🏽‍♂️,لاعب كرة يد لون بشرة متوسط
🤽‍♂️,لاعب كرة ماء 
🤽🏿‍♂️,لاعب كرة ماء لون البشرة الداكن
🤽🏻‍♂️,لاعب كرة ماء لون بشرة فاتح
🤽🏾‍♂️,لاعب كرة ماء لون بشرة متوسط داكن
🤽🏼‍♂️,لاعب كرة ماء لون بشرة متوسط فاتح
🤽🏽‍♂️,لاعب كرة ماء لون بشرة متوسط
👮‍♂️,شرطي 
👮🏿‍♂️,شرطي لون البشرة الداكن
👮🏻‍♂️,شرطي لون بشرة فاتح
👮🏾‍♂️,شرطي لون بشرة متوسط داكن
👮🏼‍♂️,شرطي لون بشرة متوسط فاتح
👮🏽‍♂️,شرطي لون بشرة متوسط
🙎‍♂️,رجل مستاء 
🙎🏿‍♂️,رجل مستاء لون البشرة الداكن
🙎🏻‍♂️,رجل مستاء لون بشرة فاتح
🙎🏾‍♂️,رجل مستاء لون بشرة متوسط داكن
🙎🏼‍♂️,رجل مستاء لون بشرة متوسط فاتح
🙎🏽‍♂️,رجل مستاء لون بشرة متوسط
🙋‍♂️,رجل يرفع يده 
🙋🏿‍♂️,رجل يرفع يده لون البشرة الداكن
🙋🏻‍♂️,رجل يرفع يده لون بشرة فاتح
🙋🏾‍♂️,رجل يرفع يده لون بشرة متوسط داكن
🙋🏼‍♂️,رجل يرفع يده لون بشرة متوسط فاتح
🙋🏽‍♂️,رجل يرفع يده لون بشرة متوسط
🚣‍♂️,رجل يجدف بقارب 
🚣🏿‍♂️,رجل يجدف بقارب لون البشرة الداكن
🚣🏻‍♂️,رجل يجدف بقارب لون بشرة فاتح
🚣🏾‍♂️,رجل يجدف بقارب لون بشرة متوسط داكن
🚣🏼‍♂️,رجل يجدف بقارب لون بشرة متوسط فاتح
🚣🏽‍♂️,رجل يجدف بقارب لون بشرة متوسط
🏃‍♂️,رجل يركض 
🏃🏿‍♂️,رجل يركض لون البشرة الداكن
🏃🏻‍♂️,رجل يركض لون بشرة فاتح
🏃🏾‍♂️,رجل يركض لون بشرة متوسط داكن
🏃🏼‍♂️,رجل يركض لون بشرة متوسط فاتح
🏃🏽‍♂️,رجل يركض لون بشرة متوسط
👨‍🔬,عالم 
👨🏿‍🔬,عالم لون البشرة الداكن
👨🏻‍🔬,عالم لون بشرة فاتح
👨🏾‍🔬,عالم لون بشرة متوسط داكن
👨🏼‍🔬,عالم لون بشرة متوسط فاتح
👨🏽‍🔬,عالم لون بشرة متوسط
🤷‍♂️,رجل لا يبالي 
🤷🏿‍♂️,رجل لا يبالي لون البشرة الداكن
🤷🏻‍♂️,رجل لا يبالي لون بشرة فاتح
🤷🏾‍♂️,رجل لا يبالي لون بشرة متوسط داكن
🤷🏼‍♂️,رجل لا يبالي لون بشرة متوسط فاتح
🤷🏽‍♂️,رجل لا يبالي لون بشرة متوسط
👨🏿‍🎤,مطرب لون البشرة الداكن
👨🏻‍🎤,مطرب لون بشرة فاتح
👨🏾‍🎤,مطرب لون بشرة متوسط داكن
👨🏼‍🎤,مطرب لون بشرة متوسط فاتح
👨🏽‍🎤,مطرب لون بشرة متوسط
👨‍🎓,طالب 
👨🏿‍🎓,طالب لون البشرة الداكن
👨🏻‍🎓,طالب لون بشرة فاتح
👨🏾‍🎓,طالب لون بشرة متوسط داكن
👨🏼‍🎓,طالب لون بشرة متوسط فاتح
👨🏽‍🎓,طالب لون بشرة متوسط
🏄‍♂️,راكب أمواج 
🏄🏿‍♂️,راكب أمواج لون البشرة الداكن
🏄🏻‍♂️,راكب أمواج لون بشرة فاتح
🏄🏾‍♂️,راكب أمواج لون بشرة متوسط داكن
🏄🏼‍♂️,راكب أمواج لون بشرة متوسط فاتح
🏄🏽‍♂️,راكب أمواج لون بشرة متوسط
🏊‍♂️,رجل يسبح 
🏊🏿‍♂️,رجل يسبح لون البشرة الداكن
🏊🏻‍♂️,رجل يسبح لون بشرة فاتح
🏊🏾‍♂️,رجل يسبح لون بشرة متوسط داكن
🏊🏼‍♂️,رجل يسبح لون بشرة متوسط فاتح
🏊🏽‍♂️,رجل يسبح لون بشرة متوسط
👨‍🏫,معلم 
👨🏿‍🏫,معلم لون البشرة الداكن
👨🏻‍🏫,معلم لون بشرة فاتح
👨🏾‍🏫,معلم لون بشرة متوسط داكن
👨🏼‍🏫,معلم لون بشرة متوسط فاتح
👨🏽‍🏫,معلم لون بشرة متوسط
👨‍💻,عالم تكنولوجيا 
👨🏿‍💻,عالم تكنولوجيا لون البشرة الداكن
👨🏻‍💻,عالم تكنولوجيا لون بشرة فاتح
👨🏾‍💻,عالم تكنولوجيا لون بشرة متوسط داكن
👨🏼‍💻,عالم تكنولوجيا لون بشرة متوسط فاتح
👨🏽‍💻,عالم تكنولوجيا لون بشرة متوسط
💁‍♂️,رجل بيد مائلة 
💁🏿‍♂️,رجل بيد مائلة لون البشرة الداكن
💁🏻‍♂️,رجل بيد مائلة لون بشرة فاتح
💁🏾‍♂️,رجل بيد مائلة لون بشرة متوسط داكن
💁🏼‍♂️,رجل بيد مائلة لون بشرة متوسط فاتح
💁🏽‍♂️,رجل بيد مائلة لون بشرة متوسط
🧛‍♂️,مصاص دماء 
🧛🏿‍♂️,مصاص دماء لون البشرة الداكن
🧛🏻‍♂️,مصاص دماء لون بشرة فاتح
🧛🏾‍♂️,مصاص دماء لون بشرة متوسط داكن
🧛🏼‍♂️,مصاص دماء لون بشرة متوسط فاتح
🧛🏽‍♂️,مصاص دماء لون بشرة متوسط
🚶‍♂️,رجل يمشي 
🚶🏿‍♂️,رجل يمشي لون البشرة الداكن
🚶🏻‍♂️,رجل يمشي لون بشرة فاتح
🚶🏾‍♂️,رجل يمشي لون بشرة متوسط داكن
🚶🏼‍♂️,رجل يمشي لون بشرة متوسط فاتح
🚶🏽‍♂️,رجل يمشي لون بشرة متوسط
👳‍♂️,رجل يرتدي عمامة 
👳🏿‍♂️,رجل يرتدي عمامة لون البشرة الداكن
👳🏻‍♂️,رجل يرتدي عمامة لون بشرة فاتح
👳🏾‍♂️,رجل يرتدي عمامة لون بشرة متوسط داكن
👳🏼‍♂️,رجل يرتدي عمامة لون بشرة متوسط فاتح
👳🏽‍♂️,رجل يرتدي عمامة لون بشرة متوسط
👲,رجل بقبعة صينية 
👲🏿,رجل بقبعة صينية لون البشرة الداكن
👲🏻,رجل بقبعة صينية لون بشرة فاتح
👲🏾,رجل بقبعة صينية لون بشرة متوسط داكن
👲🏼,رجل بقبعة صينية لون بشرة متوسط فاتح
👲🏽,رجل بقبعة صينية لون بشرة متوسط
🧟‍♂️,رجل زومبي
🕰,ساعة موقد
👞,حذاء رجالي
🗾,خريطة اليابان
🍁,ورقة شجر القيقب
🥋,زي فنون قتالية
🍖,لحم بعظم
⚕,رمز طبي
📣,مكبر صوت
🍈,شمام
📝,مذكرة مع قلم رصاص
👯‍♂️,رجلان يرقصان بآذان الأرنب
🤼‍♂️,رجلان يتصارعان
🕎,شمعدان مع تسعة شموع
🚹,غرفة للرجال
🧜‍♀️,حورية بحر انثى 
🧜🏿‍♀️,حورية بحر انثى لون البشرة الداكن
🧜🏻‍♀️,حورية بحر انثى لون بشرة فاتح
🧜🏾‍♀️,حورية بحر انثى لون بشرة متوسط داكن
🧜🏼‍♀️,حورية بحر انثى لون بشرة متوسط فاتح
🧜🏽‍♀️,حورية بحر انثى لون بشرة متوسط
🧜‍♂️,حورية بحر ذكر
🧜🏿‍♂️,حورية بحر ذكر لون البشرة الداكن
🧜🏻‍♂️,حورية بحر ذكر لون بشرة فاتح
🧜🏾‍♂️,حورية بحر ذكر لون بشرة متوسط داكن
🧜🏼‍♂️,حورية بحر ذكر لون بشرة متوسط فاتح
🧜🏽‍♂️,حورية بحر ذكر لون بشرة متوسط
🧜,حورية بحر ذكر
🧜🏿,حورية بحر ذكر لون البشرة الداكن
🧜🏻,حورية بحر ذكر لون بشرة فاتح
🧜🏾,حورية بحر ذكر لون بشرة متوسط داكن
🧜🏼,حورية بحر ذكر لون بشرة متوسط فاتح
🧜🏽,حورية بحر ذكر لون بشرة متوسط
🚇,المترو
🎤,ميكروفون
🔬,مجهر
🖕,رفع الاصبع الاوسط 
🖕🏿,رفع الاصبع الاوسط لون البشرة الداكن
🖕🏻,رفع الاصبع الاوسط لون بشرة فاتح
🖕🏾,رفع الاصبع الاوسط لون بشرة متوسط داكن
🖕🏼,رفع الاصبع الاوسط لون بشرة متوسط فاتح
🖕🏽,رفع الاصبع الاوسط لون بشرة متوسط
🎖,ميدالية عسكرية
🌌,درب التبانة
🚐,حافلة صغيرة
🗿,تمثال
📱,هاتف محمول
📴,اغلاق الهاتف المحمول
📲,هاتف محمول مع سهم
🤑,وجه بلسان من مال
💰,حقيبة نقود
💸,نقود مع اجنحة
🐒,قرد
🐵,وجه القرد
🚝,خط سكة حديد أحادي
🎑,مراسم مشاهدة القمر
🕌,مسجد
🛥,زورق بخاري
🛵,سكوتر بمحرك
🏍,دراجة نارية
🛣,الطريق السريع
🗻,جبل فوجي
⛰,جبل
🚠,التلفريك الجبلي
🚞,السكك الحديدية الجبلية
🐭,وجه فأر
👄,شفاه
🎥,كاميرا افلام
🍄,فطر
🎹,بيانو
🎵,نوتة موسيقية
🎶,نوتات موسيقية
🎼,علامة موسيقية
🔇,كتم الصوت
💅,طلاء أظافر 
💅🏿,طلاء أظافر لون البشرة الداكن
💅🏻,طلاء أظافر لون بشرة فاتح
💅🏾,طلاء أظافر لون بشرة متوسط داكن
💅🏼,طلاء أظافر لون بشرة متوسط فاتح
💅🏽,طلاء أظافر لون بشرة متوسط
📛,بطاقة اسم 
🏞,حديقة وطنية
🤢,وجه غثيان
👔,ربطة عنق
🤓,وجه الطالب الذي يذاكر كثيرا
😐,وجه محايد
🌑,قمر جديد
🌚,وجه القمر الجديد 
📰,جريدة
⏭,زر التالي
🌃,ليل مع نجوم
🕤,الساعة التاسعة والنصف
🕘,الساعة التاسعة
🚳,ممنوع ركوب دراجات
⛔,ممنوع الدخول
🚯,لا ترمي النفايات
📵,ممنوع الهواتف المحمولة
🔞,ممنوع لأقل من 18 عامًا
🚷,ممنوع المشي
🚭,ممنوع التدخين
🚱,مياه غير صالحة للشرب
👃,أنف 
👃🏿,أنف لون البشرة الداكن
👃🏻,أنف لون بشرة فاتح
👃🏾,أنف لون بشرة متوسط داكن
👃🏼,أنف لون بشرة متوسط فاتح
👃🏽,أنف لون بشرة متوسط
📓,دفتر ملاحظات
📔,دفتر ملاحظات مزين
🔩,صامولة ومسمار
🐙,أخطبوط
🍢,طعام مشكل ياباني
🏢,مبنى إداري
👹,الغول ياباني
🛢,برميل النفط
🗝,المفتاح القديم
👴,رجل مسن 
👴🏿,رجل مسن لون البشرة الداكن
👴🏻,رجل مسن لون بشرة فاتح
👴🏾,رجل مسن لون بشرة متوسط داكن
👴🏼,رجل مسن لون بشرة متوسط فاتح
👴🏽,رجل مسن لون بشرة متوسط
👵,امرأة مسنة 
👵🏿,امرأة مسنة لون البشرة الداكن
👵🏻,امرأة مسنة لون بشرة فاتح
👵🏾,امرأة مسنة لون بشرة متوسط داكن
👵🏼,امرأة مسنة لون بشرة متوسط فاتح
👵🏽,امرأة مسنة لون بشرة متوسط
🧓,كبار السن 
🧓🏿,كبار السن لون البشرة الداكن
🧓🏻,كبار السن لون بشرة فاتح
🧓🏾,كبار السن لون بشرة متوسط داكن
🧓🏼,كبار السن لون بشرة متوسط فاتح
🧓🏽,كبار السن لون بشرة متوسط
🕉,رمز الوحدة في الديانة الهندوسية
🚘,سيارة مقتربة
🚍,الحافلة القادمة
👊,لكمة 
👊🏿,لكمة لون البشرة الداكن
👊🏻,لكمة لون بشرة فاتح
👊🏾,لكمة لون بشرة متوسط داكن
👊🏼,لكمة لون بشرة متوسط فاتح
👊🏽,لكمة لون بشرة متوسط
🚔,سيارة شرطة قادمة
🚖,سيارة أجرة قدوم
🕜,الساعة الواحدة والنصف
🕐,الساعة الواحدة 
📖,كتاب مفتوح
📂,مجلد مفتوح
👐,يدان مفتوحتان 
👐🏿,يدان مفتوحتان لون البشرة الداكن
👐🏻,يدان مفتوحتان لون بشرة فاتح
👐🏾,يدان مفتوحتان لون بشرة متوسط داكن
👐🏼,يدان مفتوحتان لون بشرة متوسط فاتح
👐🏽,يدان مفتوحتان لون بشرة متوسط
📭,صندوق بريد مفتوح بإشارة لأسفل
📬,صندوق البريد مع البريد
💿,القرص المضغوط
📙,الكتاب البرتقالي
🧡,قلب برتقالي
☦,الصليب الارثوذكسي
📤,علبة صندوق البريد
🦉,بومة
🐂,ثور
📦,صفقة
📄,صفحة مواجهة
📃,الصفحة مع الضفيرة
📟,بيجر
🖌,انخفاض الرسام الأيسر
🌴,شجرة النخيل
🤲,يدان ممدودتان معًا
🤲🏿,يدان ممدودتان معًا لون البشرة الداكن
🤲🏻,يدان ممدودتان معًا لون البشرة الفاتح
🤲🏾,يدان ممدودتان معًا درجة لون البشرة متوسط داكن
🤲🏼,يدان ممدودتان معًا درجة لون البشرة متوسط فاتح
🤲🏽,  يدان ممدودتان معًا لون البشرة متوسط
🥞,الفطائر
🐼,وجه الباندا
📎,مشبك الورق
〽,جزء بديل
🎉,فرقعة الحفلة
🛳,سفينة ركاب
🛂,مراقبة جوازات السفر
⏸,شريط عمودي مزدوج
🐾,أقدام
☮,رمز السلام
🍑,خوخ
🥜,الفول السوداني
🍐,كمثرى
🖊,قلم حبر جاف اليسار
🐧,البطريق طائر
😔,متأمل
👯,الراقصات
🤼,مصارعة ناس
🎭,الفنون التمثيلية
😣,الوجه المثابر
🚴,شخص يركب الدراجة
🚴🏿,شخص يركب الدراجة لون بشرة الداكنة
🚴🏻,شخص يركب الدراجة لون بشرة فاتح
🚴🏾,شخص يركب الدراجة لون بشرة داكن
🚴🏼,شخص يركب الدراجة لون بشرة متوسط فاتح
🚴🏽,شخص يركب الدراجة لون بشرة متوسط  دامن
⛹,شخص بلعب بالكرة
⛹🏿,الشخص يلعب بالكرة لون بشرة داكن
⛹🏻,شخص يلعب بالكرة لون بشرة فاتح
⛹🏾,شخص  يلعب بالكرة لون بشرة متوسطة داكن
⛹🏼,شخص يلعب بالكرة بشرة متوسطة فاتح
⛹🏽,شخص كذاب الكرة متوسطة الجلد
🙇,شخص ينحني اعتذارًا 
🙇🏿,شخص ينحني اعتذارًا لون بشرة الداكن
🙇🏻,شخص ينحني اعتذارًا لون بشرة فاتح
🙇🏾,شخص ينحني اعتذارًا لون بشرة متوسط داكن
🙇🏼,شخص ينحني اعتذارًا لون بشرة فاتح
🙇🏽,شخص ينحني اعتذارًا  لون بشرة متوسط
🤸,شخص يؤدي حركة العجلة 
🤸🏿,شخص يؤدي حركة العجلة  لون بشرة الداكن
🤸🏻,شخص يؤدي حركة العجلة لون بشرة فاتح
🤸🏾,شخص يؤدي حركة العجلة  لون بشرة متوسط داكن
🤸🏼,شخص يؤدي حركة العجلة لون بشرة متوسط فاتح
🤸🏽,شخص يؤدي حركة العجلة لون بشرة متوسط 
🧗,شخص يتسلق
🧗🏿,شخص يتسلق لون بشرة داكن
🧗🏻,شخص يتسلق لون بشرة فاتح
🧗🏾,شخص يتسلق لون بشرة متوسط داكن
🧗🏼,شخص يتسلق لون بشرة متوسط فاتح
🧗🏽,شخص يتسلق لون بشرة المتوسطة
🤦,شخص محبط
🤦🏿,شخص محبط لون بشرة داكن
🤦🏻,شخص محبط لون بشرة فاتح
🤦🏾,شخص محبط لون بشرة متوسط داكن
🤦🏼,شخص  محبط لون بشرة  متوسط فاتح
🤦🏽,شخص محبط  لون بشرة متوسط
🤺,شخص مبارز
🙍,شخص عابس
🙍🏿,شخص عابس لون بشرة الداكن
🙍🏻,شخص عابس لون بشرة فاتح
🙍🏾,شخص عابس لون بشرة متوسطة داكن
🙍🏼,شخص عابس لون بشرة متوسط فاتح
🙍🏽,شخص عابس لون بشرة المتوسط
🙅,إشارة رفض
🙅🏿,شخص بإشارة رفض لا لون البشرة الداكن
🙅🏻,شخص بإشارة رفض لا لون البشرة فاتح
🙅🏾,شخص بإشارة رفض لا لون البشرة متوسط داكن
🙅🏼,شخص بإشارة رفض لا لون البشرة متوسط فاتح
🙅🏽,شخص بإشارة رفض لا لون البشرة متوسط 
🙆,شخص بإيماء موافق
🙆🏿,شخص بإيماء موافق لون البشرة الداكن
🙆🏻,شخص بإيماءة موافق لون البشرة الفاتح
🙆🏾,الشخص بإيماءة موافق لون بشرة  متوسطة داكن
🙆🏼,شخص بإيماءة موافق لون بشرة متوسط فاتح
🙆🏽,شخص بإيماء موافق  ​​لون بشرة متوسط
💇,شخص يقص شعره 
💇🏿,شخص يقص شعره لون بشرة داكن
💇🏻,شخص يقص شعره لون بشرة فاتح
💇🏾,شخص يقص شعره لون بشرة متوسط داكن
💇🏼,شخص يقص شعره لون بشرة متوسط فاتح
💇🏽,شخص يقص شعره لون بشرة متوسط
💆,شخص يحصل على تدليك 
💆🏿,شخص يحصل على تدليك لون بشرة داكن
💆🏻,الشخص يحصل على تدليك لون البشرة فاتح
💆🏾,شخص يحصل على تدليك لون بشرة متوسطة داكن
💆🏼,شخص يحصل على تدليك لون بشرة متوسطة فاتح
💆🏽,شخص يحصل على تدليك لون بشرة متوسطة
🏌,شخص يلعب غولف
🏌🏿,شخص يلعب الغولف لون بشرة داكن
🏌🏻,شخص يلعب الغولف لون بشرة فاتح
🏌🏾,شخص يلعب الغولف لون بشرة متوسط داكن 
🏌🏼,شخص يلعب الغولف لون بشرة متوسط فاتح 
🏌🏽,شخص يلعب الغولف لون بشرة متوسط 
🛌,شخص على سرير
🛌🏿,شخص على السرير لون بشرة الداكن
🛌🏻,شخص على السرير  لون بشرة فاتح
🛌🏾,شخص على السرير لون بشرة متوسط داكن
🛌🏼,شخص على السرير لون بشرة متوسط فاتح
🛌🏽,شخص على السرير  ​​لون بشرة متوسط
🧘,شخص متربع
🧘🏿,شخص متربع لون بشرة داكن
🧘🏻,شخص متربع لون بشرة فاتح
🧘🏾,شخص  محبط لون بشرة  متوسط داكن
🧘🏼,شخص متربع لون بشرة متوسط فاتح
🧘🏽,شخص متربع لون بشرة متوسط 
🧖,شخص في غرفة مشبعة بالبخار
🧖🏿,شخص في غرفة مشبعة بالبخار لون بشرة داكن
🧖🏻,شخص في غرفة مشبعة بالبخار لون بشرة فاتح
🧖🏾,شخص في غرفة مشبعة بالبخار لون بشرة متوسط داكن
🧖🏼,شخص في غرفة مشبعة بالبخار لون البشرة متوسط فاتح
🧖🏽,شخص في غرفة مشبعة بالبخار متوسط
🤹,شخص يؤدي ألعاب بهلوانية
🤹🏿,شخص يؤدي ألعاب بهلوانية لون بشرة الداكن
🤹🏻,شخص يؤدي ألعاب بهلوانية لون بشرة فاتح
🤹🏾,شخص يؤدي ألعاب بهلوانية لون بشرة متوسط داكن
🤹🏼,شخص يؤدي ألعاب بهلوانية لون بشرة متوسط فاتح
🤹🏽,شخص يؤدي ألعاب بهلوانية لون بشرة متوسط 
🏋,شخص يرفع أثقال
🏋🏿,شخص يرفع أثقال لون بشرة الداكن
🏋🏻,شخص يرفع أثقال لون البشرة فاتح
🏋🏾,شخص يرفع أثقال لون بشرة متوسط داكن 
🏋🏼,شخص يرفع أثقال لون بشرة متوسط فاتح
🏋🏽,شخص يرفع أثقال  لون بشرة متوسط
🚵,شخص يركب دراجة في الجبال
🚵🏿,شخص يركب دراجة في الجبال لون بشرة الداكن
🚵🏻,شخص يركب دراجة في الجبال لون بشرة فاتح
🚵🏾,شخص يركب دراجة في الجبال لون بشرة متوسط الداكن
🚵🏼,شخص يركب دراجة في الجبال لون بشرة متوسط فاتح
🚵🏽,شخص يركب دراجة في الجبال لون بشرة متوسط 
🤾,شخص يلعب كرة اليد
🤾🏿,شخص يلعب كرة اليد لون بشرة الداكن
🤾🏻,شخص يلعب كرة اليد الخفيفة لون بشرة فاتح
🤾🏾,شخص يلعب كرة اليد لون بشرة متوسط الداكن
🤾🏼,شخص يلعب كرة اليد لون بشرة متوسط فاتح
🤾🏽,شخص يلعب كرة اليد  لون بشرة متوسط
🤽,شخص يلعب كرة الماء
🤽🏿,شخص يلعب كرة الماء لون بشرة الداكن
🤽🏻,شخص يلعب كرة الماء الماء لون بشرة فاتح
🤽🏾,شخص يلعب كرة الماء ماء لون بشرة متوسط الداكن
🤽🏼,شخص يلعب كرة الماء المائية لون بشرة متوسط فاتح
🤽🏽,شخص يلعب كرة الماء الماء لون بشرة متوسط
🙎,شخص متجهم
🙎🏿,شخص متجهم لون بشرة الداكن
🙎🏻,شخص منهجم لون البشرة فاتح
🙎🏾,شخص متهجم لون بشرة متوسط الداكن
🙎🏼,الشخص متهجم لون بشرة متوسط فاتح
🙎🏽,شخص متهجم البشرة متوسط
🙋,شخص يرفع يده
🙋🏿,شخص يرفع يده لون بشرة الداكن
🙋🏻,شخص يرفع يده لون بشرة فاتح
🙋🏾,شخص يرفع يده لون بشرة متوسط الداكن
🙋🏼,شخص يرفع يده لون بشرة متوسط فاتح
🙋🏽,شخص يرفع يده لون بشرة متوسط
🚣,شخص يجدف بزورق
🚣🏿,شخص يجدف بزورق لون بشرة الداكن
🚣🏻,شخص يجدف بزورق  لون بشرة فاتح
🚣🏾,شخص يجدف بزورق لون بشرة متوسط الداكن
🚣🏼,شخص يجدف بزورق لون بشرة متوسط فاتح
🚣🏽,شخص يجدف بزورق لون بشرة متوسط ​
🏃,شخص يجري
🏃🏿,شخص يجري لون بشرة الداكن
🏃🏻,شخص يجري لون بشرة فاتح
🏃🏾,شخص يجري لون بشرة متوسط الداكن
🏃🏼,شخص يجري  لون بشرة متوسط فاتح
🏃🏽,شخص يجري لون بشرة متوسط
🤷,شخص لا يعلم
🤷🏿,شخص لا يعلم لون بشرة الداكن
🤷🏻,شخص لا يعلم لون بشرة فاتح
🤷🏾,شخص لا يعلم لون بشرة متوسط الداكن
🤷🏼,شخص لا يعلم بشرة متوسط فاتح
🤷🏽,شخص لا يعلم بشرة متوسط
🏄,شخص يركب الأمواج
🏄🏿,شخص يركب الأمواج لون بشرة الداكن
🏄🏻,شخص  يركب الأمواج لون البشرة فاتح
🏄🏾,شخص  يركب الأمواج لون بشرة متوسط الداكن
🏄🏼,شخص يركب الأمواج لون بشرة متوسط فاتح
🏄🏽,شخص يركب الأمواج لون بشرة متوسط ​​
🏊,سباح
🏊🏿,شخص يسبح لون بشرة الداكن
🏊🏻,شخص يسبح لون بشرة فاتح
🏊🏾,شخص يسبح لون بشرة متوسطة داكن
🏊🏼,شخص يسبح لون بشرة متوسط فاتح
🏊🏽,شخص يسبح لون بشرة متوسط
🛀,شخص يستحم
🛀🏿,شخص يستحم لون بشرة الداكن
🛀🏻,شخص يستحم لون البشرة لفاتح
🛀🏾,شخص يستحم لون بشرة متوسط داكن
🛀🏼,شخص يستحم لون بشرة متوسط فاتح
🛀🏽,شخص يستحم لون بشرة متوسط ​
💁,شخص بيد مائلة
💁🏿,شخص بيد مائلة لون بشرة الداكن 
💁🏻,شخص بيد مائلة  لون بشرة فاتح
💁🏾,شخص بيد مائلة لون بشرة متوسط داكن
💁🏼,شخص بيد مائلة متوسط فاتح
💁🏽,شخص بيد مائلةلون بشرة متوسطة
🚶,شخص يمشي
🚶🏿,شخص يمشي لون بشرة الداكن
🚶🏻,شخص يمشي لون لبشرة فاتح
🚶🏾,شخص يمشي  لون البشرة متوسط  الداكن
🚶🏼,شخص يمشي  لون البشرة متوسط فاتح
🚶🏽,شخص يمشي  لون البشرة متوسطة 
👳,رجل بعمامة
👳🏿,شخص يرتدي عمامة لون بشرة الداكن
👳🏻,شخص يرتدي عمامة لون بشرة فاتح
👳🏾,شخص يرتدي عمامة لون بشرة متوسط الداكن 
👳🏼,شخص يرتدي عمامة لون بشرة متوسط فاتح
👳🏽,شخص يرتدي عمامة لون بشرة متوسط
⛏,فأس
🥧,فطيرة
🐷,وجه خنزير
🐽,أنف خنزير
💩,فضلات
💊,حبة دواء
🎍,ديكور صنوبر
🍍,أناناس
🏓,مضرب تنس الطاولة و كرة
🔫,بندقية
🍕,بيتزا
🛐,مكان للعبادة
▶,زر تشغيل
⏯,زر تشغيل أو إيقاف مؤقت
🚓,سيارة شرطة
🚨,ضوء الدورية
👮,شرطي
👮🏿,ضابط شرطة لون بشرة الداكن
👮🏻,ضابط شرطة  لون بشرة فاتح
👮🏾,ضابط شرطة لون البشرة متوسط داكن
👮🏼,ضابط شرطة لون البشرة متوسط فاتح
👮🏽,ضابط شرطة  لون البشرة متوسط
🐩,بودل
🎱,كرة بلياردو
🍿,الفشار
📯,جرس بريد
📮,صندوق بريد
🍲,حساء
🚰,مياه صالحة للشرب
🥔,البطاطس
🍗,ساق الدواجن
💷,جنيه
😾,وجه قطة عابس
😡,وجه مشتاط غضبًا
📿,مسبحة الصلاة
🤰,امرأة حامل
🤰🏿,امرأة حامل لون البشرة الداكن
🤰🏻,امرأة حامل لون البشرة فاتح
🤰🏾,امرأة حامل لون بشرة متوسط الداكن
🤰🏼,امرأة حامل لون بشرة متوسط فاتح
🤰🏽,امرأة حامل لون بشرة متوسط
🥨,بريتزل
🤴,أمير
🤴🏿,الأمير لون بشرة الداكن
🤴🏻,الأمير لون بشرة فاتح
🤴🏾,الأمير  ​​لون بشرة متوسط الداكن
🤴🏼,الأمير لون بشرة متوسط فاتح
🤴🏽,الأمير لون بشرة متوسط 
👸,أميرة
👸🏿,أميرة لون بشرة الداكن
👸🏻,أميرة لون بشرة فاتح
👸🏾,أميرة لون البشرة متوسط الداكن
👸🏼,أميرة لون بشرة متوسط فاتح
👸🏽,أميرة  لون البشرة متوسط
🖨,طابعة
🚫,ممنوع
💜,قلب بنفسجي
👛,كيس نقود
📌,الدبوس
❓,علامة استفهام حمراء
🐰,وجه أرنب
🏎,سيارة سباق
📻,راديو
🔘,زر تبادلي
☢,علامة اشعاع
🚃,عربة قطار
🛤,مسار السكك الحديدية
🌈,قوس المطر
🏳️‍🌈,علم قوس قزح
🤚,يد مرفوعة
🤚🏿,يد مرفوعة لون بشرة الداكن
🤚🏻,يد مرفوعة لون بشرة فاتح
🤚🏾,يد مرفوعة لون بشرة متوسط داكن
🤚🏼,يد مرفوعة لون بشرة متوسط فاتح
🤚🏽,يد مرفوعة لون بشرة متوسط 
✊,قبضة يد مرفوعة
✊🏿,قبضة يد مرفوعة لون بشرة داكن
✊🏻,قبضة يد مرفوعة لون بشرة فاتح
✊🏾,قبضة يد مرفوعة لون بشرة متوسط داكن
✊🏼,قبضة يد مرفوعة لون بشرة متوسط فاتح
✊🏽,قبضة يد مرفوعة لون بشرة متوسط
✋,يد مرفوعة
✋🏿,يد مرفوعة لون البشرة الداكن
✋🏻,يد مرفوعة لون البشرة فاتح
✋🏾,يد مرفوعة لون بشرة متوسط الداكن 
✋🏼,يد مرفوعة  لون البشرة متوسط الفاتح
✋🏽,يد مرفوعة لون بشرة متوسط
🙌,رفع اليدين
🙌🏿,رفع اليدين لون بشرة الداكن
🙌🏻,رفع اليدين لون بشرة الفاتح
🙌🏾,رفع اليدين لون بشرة متوسط داكن
🙌🏼,رفع اليدين  لون بشرة متوسطة فاتح
🙌🏽,رفع اليدين لون بشرة متوسط
🐏,كبش
🐀,فأر
⏺,زر تسجيل
♻,إعادة تدوير
🍎,تفاحة
🔴,دائرة حمراء
❤,قلب احمر
🏮,فانوس
🔻,مثلث صغير أحمر أسفل
🔺,مثلث صغير أحمر
®,مسجل
😌,وجه مرتاح
🎗,شريطة تذكير
🔁,زر تكرار
🔂,زر تكرار مرة واحدة
⛑,خوذة رجل إنقاذ
🚻,غرفة الاستراحة
◀,زر ترجيع 
💞,قلوب تدور حول بعضها
🦏,وحيد القرن
🎀,شريط
🍙,كرة الأرز
🍘,مقرمشات أرز
🤜,قبضة لليمين
🤜🏿,مواجهة بقبضة اليد اليمنى لون بشرة داكن
🤜🏻,مواجهة بقبضة اليد اليمنى لون بشرة فاتح
🤜🏾,مواجهة بقبضة اليد اليمنى لون بشرة متوسط داكن
🤜🏼,مواجهة بقبضة اليد اليمنى لون بشرة متوسط فاتح
🤜🏽,مواجهة بقبضة اليد اليمنى لون بشرة متوسط 
🗯,فقاعة غضب يمنى
➡,سهم لليمين 
⤵,سهم لأسفل من اليسار
↩,سهم أيمن بانحناء أيسر
⤴,سهم لأعلى من اليسار
💍,خاتم
🍠,بطاطا حلوة مشوية 
🤖,وجه الروبوت
🚀,صاروخ
🗞,صحيفة مطوية
🎢,قطار ملاهي
🤣,وجه ضاحك يتدحرج على الأرض
🐓,ديك
🌹,وردة
🏵,وردية
📍,دبوس مستدير
🏉,كرة رجبي 
🎽,قميص الجري
👟,حذاء رياضي
😥,بخيبة أمل بالارتياح
⛵,قارب
🍶,زجاجة وفنجان
🥪,ساندويتش
📡,طبق قمر صناعي
🦕,ديناصور صوروبودا
🎷,ساكسفون
🧣,وشاح
🏫,مدرسة
🎒,الحقيبة المدرسية
✂,مقص
🦂,عقرب
📜,ورقة ملفوفة
💺,مقعد
🙈,قرد يحجب عينيه
🌱,شتلة
🤳,صورة سيلفي
🤳🏿,صورة سيلفي لون بشرة داكن
🤳🏻,صورة سيلفي لون بشرة فاتح
🤳🏾,صورة سيلفي لون بشرة متوسط داكن
🤳🏼,صورة سيلفي لون بشرة متوسط فاتح
🤳🏽,صورة سيلفي لون بشرة متوسط 
🕢,ساعة السابعة و النصف
🕖,ساعة السابعة
🥘,مقلاة مسطحة بها طعام
☘,نبات النفل
🦈,سمكة قرش
🍧,آيس كريم مجروش
🌾,حزمة من الأرز
🛡,درع
⛩,ضريح
🚢,سفينة
🌠,شهاب
🛍,أكياس التسوق
🛒,عربة التسوق
🍰,كيكة
🚿,دش
🦐,جمبري
🔀,زر أسهم متداخلة
🤫,وجه يطلب الصمت
🤘,علامة اشارة قرون
🤘🏿,علامة اشارة قرون لون بشرة داكن
🤘🏻,علامة اشارة قرون لون بشرة فاتح
🤘🏾,علامة اشارة قرون لون بشرة متوسط الداكن
🤘🏼,علامة اشارة قرون لون بشرة متوسط فاتح
🤘🏽,علامة قرون لون بشرة متوسط 
🕡,ساعة السادسة و النصف
🕕,ساعة السادسة
⛷,متزلّج على الثلج
🎿,تزلج
💀,جمجمة
☠,جمجمة وعظمتين متقاطعتين
🛷,تزلج
😴,نائم
😪,نعسان
🙁,وجه عبوس قليلا
🙂,وجه مبتسم قليلا
🎰,جهاز قمار
🛩,طائرة صغيرة
🔹,ماسة زرقاء صغيرة
🔸,ماسة برتقالي صغيرة
😻,وجه قطة مبتسم بعينين على شكل قلب
☺,وجه مبتسم
😇,وجه مبتسم بهالة
😍,وجه مبتسم مع عينين على شكل قلب
😈,وجه مبتسم بقرنين
😊,وجه باسم بعينين باسمتين
😎,وجه مبتسم بنظارة شمس
😏,وجه بابتسامة متكلفة
🐌,حلزون
🐍,ثعبان
🤧,وجه يعطس
🏔,جبل بقمة ثلجية
🏂,المتزلج
🏂🏿,متزلج على الجليد ذو لون البشرة الداكن
🏂🏻,مترلج على الجليد لون بشرة فاتح
🏂🏾,مترلج على الجليد لون بشرة متوسط لداكن
🏂🏼,متزلج على الجليد لون بشرة متوسط  فاتح
🏂🏽,متزلج على الجليد لون بشرة متوسط
❄,كتلة ثلج 
☃,الرجل الثلجي
⛄,رجل ثلج بدون ثلج متساقط
⚽,كرة القدم
🧦,جوارب
🍦,آيس كريم مخفف
♠,ورقة البستوني
🍝,سباغتي
❇,ومضة
🎇,ماسة نارية
✨,ومضات
💖,قلب متلألئ
🙊,قرد يحجب الكلام
🔊,صوت سماعة مرتفع
🔈,صوت سماعة منخفض
🔉,صوت معتدل
🗣,رأس تتحدث
💬,فقاعة كلام
🚤,قارب سريع
🕷,عنكبوت
🕸,الشبكه العنكبوتيه
🗓,تقويم حلزوني
🗒,ورقة ملاحظات
🐚,صدفة حلزونية
🥄,ملعقة
🚙,سيارة زرقاء
🏅,ميدالية رياضية
🐳,حوت
🦑,حبار
😝,وجه بعينين مغلقتين ولسان متدلٍ
🏟,ملعب
🤩,وجه بعينين على شكل نجمة
☪,نجمة وهلال
✡,نجمة داوود
🚉,محطة قطار
🍜,رامين
⏹,زر إيقاف
🛑,لافتة توقف
⏱,ساعة التوقيف
📏,مسطرة مستقيمة
🍓,الفراولة
🎙,ميكروفون الاستوديو
🥙,فطيرة محشوة
☀,مشمس
⛅,مشمس جزئيا
🌥,الشمس البيضاء وراء السحابة
🌦,الشمس البيضاء وراء السحابة مع المطر
🌤,الشمس البيضاء مع سحابة صغيرة
🌞,الشمس مع الوجه
🌻,دوار الشمس
🌅,شروق الشمس
🌄,شروق الشمس فوق الجبال
🌇,شروق الشمس في المدينة
🍣,سوشي
🚟,سكة حديد معلقة
💦,قطرات ماء
🕍,معبد يهودي
💉,إبرة حقن
👕,تي شيرت
🌮,تاكو
🥡,علبة طعام للخارج
🎋,شجرة احتفال
🍊,يوسفي
🚕,سيارة اجره
🍵,فنجان شاي بدون مقبض
☎,هاتف
📞,سماعة هاتف
🔭,تلسكوب
📺,تلفزيون
🕥,الساعة العاشرة والنصف
🕙,الساعة العاشرة 
🎾,تنس
⛺,خيمة
🌡,ترمومتر 
🤔,وجه يفكر
💭,فقاعة أفكار
🕞,الساعة الثالثة والنصف
🕒,الساعة الثالثة
👎,رفض
👎🏿,رفض  لون بشرة الداكن
👎🏻,رفض لون بشرة فاتح
👎🏾,رفض لون بشرة متوسط داكن
👎🏼,رفض لون بشرة متوسط فاتح
👎🏽,رفض لون البشرة متوسط
👍,قبول
👍🏿,قبول لون البشرة الداكن
👍🏻,قبول لون البشرة فاتح
👍🏾,قبول لون البشرة متوسط داكن
👍🏼,قبول لون البشرة متوسط فاتح
👍🏽,قبول لون البشرة متوسط
🎫,تذكرة
🐯,وجه النمر
⏲,ساعة مؤقت
😫,وجه متعب
🚽,الحمام
🍅,طماطم
👅,لسان
🎩,قبعة رسمية
🌪,سحابة مع اعصار
🖲,كرة
🚜,جرار زراعى
™,إشارة علامة تجارية
🚋,سيارة الترام
🚊,نوع من القطارات
🚩,علم مثلث
📐,مسطرة مثلثة
🔱,رمح ثلاثي الشعب
🚎,الترولي أوتبيس كهربائي
🏆,كأس
🍹,الشراب الاستوائي
🐠,أسماك إستوائية
🎺,بوق
🌷,الخزامي نبات
🥃,زجاج بهلوان
🦃,ديك رومي
🐢,سلحفاة
🕧,الساعة الثانية عشر و النصف
🕛,الساعة الثانية عشر
🕝,الساعة الثانية و النصف
💕,قلبين
👬,رجلان يدا بيد
🕑,الساعة الثانية
👭,امرأتان يدا بيد
☂,مظلة
⛱,مظلة على الأرض
☔,مظلة مع قطرات المطر
😒,مستاء
🦄,وجه يونيكورن
🔓,فتح
↕,السهم لأعلى
↖,السهم العلوي الأيسر
↗,السهم العلوي الأيمن
⬆,سهم أعلى
🙃,وجهًا مقلوبًا
🔼,السهم يصل صغير
🧛,رعب
🧛🏿,مصاص دماء لون البشرة الداكن
🧛🏻,مصاص الدماء لون البشرة فاتح
🧛🏾,مصاص دماء لون البشرة متوسط داكن
🧛🏼,مصاص دماء لون البشرة متوسط فاتح
🧛🏽,مصاص دماء لون البشرة متوسط
🚦,ضوء المرور العمودي
📳,وضع الاهتزاز
✌,يد النصر لون البشرة اصفر 
✌🏿,يد النصر لون البشرة الداكنة
✌🏻,يد النصر لون البشرة فاتح
✌🏾,يد النصر لون البشرة متوسط داكن
✌🏼,يد النصر لون البشرة متوسط فاتح
✌🏽,يد النصر لون البشرة متوسط
📹,كاميرا فيديو
🎮,لعبة فيديو
📼,اتش اس
🎻,كمان
🌋,بركان
🏐,الكرة الطائرة
🖖,تحية فولكان 
🖖🏿,تحية فولكان لون البشرة الداكن
🖖🏻,تحية فولكان لون البشرة فاتح
🖖🏾,تحية فولكان لون البشرة متوسط داكن
🖖🏼,تحية فولكان لون البشرة متوسط فاتح
🖖🏽,تحية فولكان لون البشرة متوسط
🌘,تراجع هلال القمر
🌖,تراجع القمر القطبي
⚠,تحذير
🗑,سلة النفايات
⌚,راقب
🐃,جاموس الماء
🚾,مرحاض
🌊,محيط
🍉,البطيخ
👋,التلويح باليد
👋🏿,التلويح باليد لون البشرة الداكن
👋🏻,التلويح باليد لون البشرة فاتح
👋🏾,التلويح باليد لون البشرة متوسط داكن
👋🏼,التلويح باليد لون البشرة متوسط فاتح
👋🏽,التلويح باليد لون البشرة متوسط
〰,مائج داش
🌒,هلال الصبح القمر
🌔,القمر
🙀,صراخ القط
😩,المرهق
💒,حفل زواج
☸,عجلة دارما
♿,كرسي متحرك
⚪,دائرة بيضاء
❕,علامة تعجب رمادية
🏳,يلوحون بالعلم الأبيض
💮,زهرة بيضاء
✅,علامة الاختيار البيضاء
⬜,مربع أبيض كبير
◽,أبيض مربع صغير متوسط
◻,مربع أبيض متوسط
⭐,نجمة
❔,سؤال رمادي
▫,مربع صغير أبيض
🔳,زر أبيض مربع
🥀,زهرة ذابلة
🎐,ريح الرنين
🌬,وجه الرياح تهب
🍷,كأس نبيذ
😉,غمزة
😜,اللسان الى الخارج وعين تغمز
🐺,الذئب
👩,النساء
👩‍🎨,رسامة
👩🏿‍🎨,رسامة لون البشرة الداكن
👩🏻‍🎨,رسامة لون البشرة فاتح
👩🏾‍🎨,رسامة لون البشرة متوسط داكن
👩🏼‍🎨,رسامة لون البشرة متوسط فاتح
👩🏽‍🎨,رسامة لون البشرة متوسط
👩‍🚀,امرأة فضاء
👩🏿‍🚀,امرأة فضاء لون البشرة الداكن
👩🏻‍🚀,امرأة فضاء لون البشرة فاتح
👩🏾‍🚀,امرأة فضاء لون البشرة متوسط داكن
👩🏼‍🚀,امرأة فضاء لون البشرة متوسط فاتح
👩🏽‍🚀,امرأة فضاء لون البشرة متوسط
🚴‍♀️,راكبة دراجة
🚴🏿‍♀️,راكبة دراجة لون البشرة الداكن
🚴🏻‍♀️,راكبة دراجة لون البشرة فاتح
🚴🏾‍♀️,راكبة دراجة لون البشرة متوسط داكن
🚴🏼‍♀️,راكبة دراجة لون البشرة متوسط فاتح
🚴🏽‍♀️,راكبة دراجة لون البشرة متوسط
⛹️‍♀️,سيدة وكرة
⛹🏿‍♀️,سيدة وكرة لون البشرة الداكن
⛹🏻‍♀️,سيدة وكرة لون البشرة فاتح
⛹🏾‍♀️,سيدة وكرة لون البشرة متوسط داكن
⛹🏼‍♀️,سيدة وكرة لون البشرة متوسط فاتح
⛹🏽‍♀️,سيدة وكرة لون البشرة متوسط
🙇‍♀️,سيدة تنحني اعتذارا
🙇🏿‍♀️,سيدة تنحني اعتذارا لون البشرة الداكن
🙇🏻‍♀️,سيدة تنحني اعتذارا لون البشرة فاتح
🙇🏾‍♀️,سيدة تنحني اعتذارا لون البشرة متوسط داكن
🙇🏼‍♀️,سيدة تنحني اعتذارا لون البشرة متوسط فاتح
🙇🏽‍♀️,سيدة تنحني اعتذارا لون البشرة متوسط
🤸‍♀️,سيدة تفعل حركة العجلة
🤸🏿‍♀️,سيدة تفعل حركة العجلة لون البشرة الداكن
🤸🏻‍♀️,سيدة تفعل حركة العجلة لون البشرة فاتح
🤸🏾‍♀️,سيدة تفعل حركة العجلة لون البشرة متوسط داكن
🤸🏼‍♀️,سيدة تفعل حركة العجلة لون البشرة متوسط فاتح
🤸🏽‍♀️,سيدة تفعل حركة العجلة لون البشرة متوسط
🧗‍♀️,امرأة تتسلق
🧗🏿‍♀️,امرأة تتسلق لون البشرة الداكن
🧗🏻‍♀️,امرأة تتسلق لون البشرة فاتح
🧗🏾‍♀️,امرأة تتسلق لون البشرة متوسط داكن
🧗🏼‍♀️,امرأة تتسلق لون البشرة متوسط فاتح
🧗🏽‍♀️,امرأة تتسلق لون البشرة متوسط
👷‍♀️,عاملة بناء 
👷🏿‍♀️,عاملة بناء لون البشرة الداكن
👷🏻‍♀️,عاملة بناء لون البشرة فاتح
👷🏾‍♀️,عاملة بناء لون البشرة متوسط داكن
👷🏼‍♀️,عاملة بناء  لون البشرة متوسط فاتح
👷🏽‍♀️,عاملة بناء لون البشرة متوسط
👩‍🍳,طباخة
👩🏿‍🍳,طباخة لون البشرة الداكن
👩🏻‍🍳,طباخة لون البشرة فاتح
👩🏾‍🍳,طباخة لون البشرة متوسط داكن
👩🏼‍🍳,طباخة لون البشرة متوسط فاتح
👩🏽‍🍳,طباخة لون البشرة متوسط
💃,راقصة
💃🏿,راقصة لون البشرة الداكن
💃🏻,راقصة لون البشرة فاتح
💃🏾,راقصة لون البشرة متوسط داكن
💃🏼,راقصة لون البشرة متوسط فاتح
💃🏽,راقصة لون البشرة متوسط
👩🏿,امرأة  لون البشرة الداكن
🕵️‍♀️,محققة
🕵🏿‍♀️,محققة لون البشرة الداكن
🕵🏻‍♀️,محققة لون البشرة فاتح
🕵🏾‍♀️,محققة لون البشرة متوسط داكن
🕵🏼‍♀️,محققة لون البشرة متوسط فاتح
🕵🏽‍♀️,محققة لون البشرة متوسط
🧝‍♀️,جنية صغيرة
🧝🏿‍♀️,جنية صغيرة لون البشرة الداكن
🧝🏻‍♀️,جنية صغيرة لون البشرة فاتح
🧝🏾‍♀️,جنية صغيرة لون البشرة متوسط داكن
🧝🏼‍♀️,جنية صغيرة لون البشرة متوسط فاتح
🧝🏽‍♀️,جنية صغيرة لون البشرة متوسط
🤦‍♀️,سيدة تشعر بإحباط
🤦🏿‍♀️,سيدة تشعر بإحباط لون البشرة الداكن
🤦🏻‍♀️,سيدة تشعر بإحباط لون البشرة فاتح
🤦🏾‍♀️,سيدة تشعر بإحباط لون البشرة متوسط داكن
🤦🏼‍♀️,سيدة تشعر بإحباط لون البشرة متوسط فاتح
🤦🏽‍♀️,سيدة تشعر بإحباط لون البشرة متوسط
👩‍🏭,عاملة مصنع
👩🏿‍🏭,عاملة مصنع لون البشرة الداكن
👩🏻‍🏭,عاملة مصنع لون البشرة فاتح
👩🏾‍🏭,عاملة مصنع لون البشرة متوسط داكن
👩🏼‍🏭,عاملة مصنع لون البشرة متوسط فاتح
👩🏽‍🏭,عاملة مصنع لون البشرة متوسط
🧚‍♀️,امرأة جنية
🧚🏿‍♀️,امرأة جنية لون البشرة الداكن
🧚🏻‍♀️,امرأة جنية لون البشرة فاتح
🧚🏾‍♀️,امرأة جنية لون البشرة متوسط داكن
🧚🏼‍♀️,امرأة جنية لون البشرة متوسط فاتح
🧚🏽‍♀️,امرأة جنية لون البشرة متوسط
👩‍🌾,مزارعة
👩🏿‍🌾,مزارعة لون البشرة الداكن
👩🏻‍🌾,مزارعة لون البشرة فاتح
👩🏾‍🌾,مزارعة لون البشرة متوسط داكن
👩🏼‍🌾,مزارعة لون البشرة متوسط فاتح
👩🏽‍🌾,مزارعة لون البشرة متوسط
👩‍🚒,امرأة اطفاء
👩🏿‍🚒,امرأة اطفاء لون البشرة الداكن
👩🏻‍🚒,امرأة اطفاء لون البشرة فاتح
👩🏾‍🚒,امرأة اطفاء لون البشرة متوسط داكن
👩🏼‍🚒,امرأة اطفاء لون البشرة متوسط فاتح
👩🏽‍🚒,امرأة اطفاء لون البشرة متوسط
🙍‍♀️,امرأة عبوس
🙍🏿‍♀️,امرأة عبوس لون البشرة الداكن
🙍🏻‍♀️,امرأة عبوس لون البشرة فاتح
🙍🏾‍♀️,امرأة عبوس لون البشرة متوسط داكن
🙍🏼‍♀️,امرأة عبوس لون البشرة متوسط فاتح
🙍🏽‍♀️,امرأة عبوس لون البشرة متوسط
🧞‍♀️,ماردة
🙅‍♀️,غير موافقة
🙅🏿‍♀️,غير موافقة لون البشرة الداكن
🙅🏻‍♀️,غير موافقة لون البشرة فاتح
🙅🏾‍♀️,غير موافقة لون البشرة متوسط داكن
🙅🏼‍♀️,غير موافقة لون البشرة متوسط فاتح
🙅🏽‍♀️,غير موافقة لون البشرة متوسط
🙆‍♀️,موافقة
🙆🏿‍♀️,موافقة لون البشرة الداكن
🙆🏻‍♀️,موافقة لون البشرة فاتح
🙆🏾‍♀️,موافقة لون البشرة متوسط داكن
🙆🏼‍♀️,موافقة لون البشرة متوسط فاتح
🙆🏽‍♀️,موافقة لون البشرة متوسط
💇‍♀️,تقص شعرها
💇🏿‍♀️,تقص شعرها لون البشرة الداكن
💇🏻‍♀️,تقص شعرها لون البشرة فاتح
💇🏾‍♀️,تقص شعرها لون البشرة متوسط داكن
💇🏼‍♀️,تقص شعرها لون البشرة متوسط فاتح
💇🏽‍♀️,تقص شعرها لون البشرة متوسط
💆‍♀️,امرأة تحصل على تدليك
💆🏿‍♀️,امرأة تحصل على تدليك لون البشرة الداكن
💆🏻‍♀️,امرأة تحصل على تدليك لون البشرة فاتح
💆🏾‍♀️,امرأة تحصل على تدليك لون البشرة متوسط داكن
💆🏼‍♀️,امرأة تحصل على تدليك لون البشرة متوسط فاتح
💆🏽‍♀️,امرأة تحصل على تدليك لون البشرة متوسط
🏌️‍♀️,لاعبة غولف
🏌🏿‍♀️,لاعبة غولف لون البشرة الداكن
🏌🏻‍♀️,لاعبة غولف لون البشرة فاتح
🏌🏾‍♀️,لاعبة غولف لون البشرة متوسط داكن
🏌🏼‍♀️,لاعبة غولف لون البشرة متوسط فاتح
🏌🏽‍♀️,لاعبة غولف لون البشرة متوسط
💂‍♀️,حارسة
💂🏿‍♀️,حارسة لون البشرة الداكن
💂🏻‍♀️,حارسة لون البشرة فاتح
💂🏾‍♀️,حارسة لون البشرة متوسط داكن
💂🏼‍♀️,حارسة لون البشرة متوسط فاتح
💂🏽‍♀️,حارسة لون البشرة متوسط
👩‍⚕️,عاملة بقطاع الصحة
👩🏿‍⚕️,عاملة بقطاع الصحة لون البشرة الداكن
👩🏻‍⚕️,عاملة بقطاع الصحة لون البشرة فاتح
👩🏾‍⚕️,عاملة بقطاع الصحة لون البشرة متوسط داكن
👩🏼‍⚕️,عاملة بقطاع الصحة لون البشرة متوسط فاتح
👩🏽‍⚕️,عاملة بقطاع الصحة لون البشرة متوسط
🧘‍♀️,امرأة في وضع اللوتس للتأمل 
🧘🏿‍♀️,امرأة في وضع اللوتس للتأمل لون البشرة الداكن
🧘🏻‍♀️,امرأة في وضع اللوتس للتأمل لون البشرة فاتح
🧘🏾‍♀️,امرأة في وضع اللوتس للتأمل لون البشرة متوسط داكن
🧘🏼‍♀️,امرأة في وضع اللوتس للتأمل لون البشرة متوسط فاتح
🧘🏽‍♀️,امرأة في وضع اللوتس للتأمل لون البشرة متوسط
🧖‍♀️,امرأة في حمام بخار
🧖🏿‍♀️,امرأة في حمام بخار لون البشرة الداكن
🧖🏻‍♀️,امرأة في حمام بخار لون البشرة فاتح
🧖🏾‍♀️,امرأة في حمام بخار لون البشرة متوسط داكن
🧖🏼‍♀️,امرأة في حمام بخار لون البشرة متوسط فاتح
🧖🏽‍♀️,امرأة في حمام بخار لون البشرة متوسط
👩‍⚖️,قاضية
👩🏿‍⚖️,قاضية لون البشرة الداكن
👩🏻‍⚖️,قاضية لون البشرة فاتح
👩🏾‍⚖️,قاضية لون البشرة متوسط داكن
👩🏼‍⚖️,قاضية لون البشرة متوسط فاتح
👩🏽‍⚖️,قاضية لون البشرة متوسط
🤹‍♀️,لاعبة قذف كرات
🤹🏿‍♀️,لاعبة قذف كرات لون البشرة الداكن
🤹🏻‍♀️,لاعبة قذف كرات لون البشرة فاتح
🤹🏾‍♀️,لاعبة قذف كرات لون البشرة متوسط داكن
🤹🏼‍♀️,لاعبة قذف كرات لون البشرة متوسط فاتح
🤹🏽‍♀️,لاعبة قذف كرات لون البشرة متوسط
🏋️‍♀️,رافعة أثقال
🏋🏿‍♀️,رافعة أثقال لون البشرة الداكن
🏋🏻‍♀️,رافعة أثقال لون البشرة فاتح
🏋🏾‍♀️,رافعة أثقال لون البشرة متوسط داكن
🏋🏼‍♀️,رافعة أثقال لون البشرة متوسط فاتح
🏋🏽‍♀️,رافعة أثقال لون البشرة متوسط
👩🏻,المرأة لون البشرة فاتح
🧙‍♀️,ساحرة
🧙🏿‍♀️,ساحرة لون البشرة الداكن
🧙🏻‍♀️,ساحرة لون البشرة فاتح
🧙🏾‍♀️,ساحرة لون البشرة متوسط داكن
🧙🏼‍♀️,ساحرة لون البشرة متوسط فاتح
🧙🏽‍♀️,ساحرة لون البشرة متوسط
👩‍🔧,ميكانيكية
👩🏿‍🔧,ميكانيكية لون البشرة الداكن
👩🏻‍🔧,ميكانيكية لون البشرة فاتح
👩🏾‍🔧,ميكانيكية لون البشرة متوسط داكن
👩🏼‍🔧,ميكانيكية لون البشرة متوسط فاتح
👩🏽‍🔧,ميكانيكية لون البشرة متوسط
👩🏾,امرأة لون البشرة متوسط داكن
👩🏼,امرأة لون البشرة متوسط فاتح
👩🏽,امرأة لون البشرة متوسط 
🚵‍♀️,متسلقة جبال بدراجة
🚵🏿‍♀️,متسلقة جبال بدراجة لون البشرة الداكن
🚵🏻‍♀️,متسلقة جبال بدراجة لون البشرة فاتح
🚵🏾‍♀️,متسلقة جبال بدراجة لون البشرة متوسط داكن
🚵🏼‍♀️,متسلقة جبال بدراجة لون البشرة متوسط فاتح
🚵🏽‍♀️,متسلقة جبال بدراجة لون البشرة متوسط
👩‍💼,موظفة
👩🏿‍💼,موظفة لون البشرة الداكن
👩🏻‍💼,موظفة لون البشرة فاتح
👩🏾‍💼,موظفة لون البشرة متوسط داكن
👩🏼‍💼,موظفة لون البشرة متوسط فاتح
👩🏽‍💼,موظفة لون البشرة متوسط
👩‍✈️,ربانة طائرة
👩🏿‍✈️,ربانة طائرة لون البشرة الداكن
👩🏻‍✈️,ربانة طائرة لون البشرة فاتح
👩🏾‍✈️,ربانة طائرة لون البشرة متوسط داكن
👩🏼‍✈️,ربانة طائرة لون البشرة متوسط فاتح
👩🏽‍✈️,ربانة طائرة لون البشرة متوسط
🤾‍♀️,لاعبة كرة يد
🤾🏿‍♀️,لاعبة كرة يد لون البشرة الداكن
🤾🏻‍♀️,لاعبة كرة يد لون البشرة فاتح
🤾🏾‍♀️,لاعبة كرة يد لون البشرة متوسط داكن
🤾🏼‍♀️,لاعبة كرة يد لون البشرة متوسط فاتح
🤾🏽‍♀️,لاعبة كرة يد لون البشرة متوسط
🤽‍♀️,لاعبة كرة ماء
🤽🏿‍♀️,لاعبة كرة ماء لون البشرة الداكن
🤽🏻‍♀️,لاعبة كرة ماء لون البشرة فاتح
🤽🏾‍♀️,لاعبة كرة ماء لون البشرة متوسط داكن
🤽🏼‍♀️,لاعبة كرة ماء لون البشرة متوسط فاتح
🤽🏽‍♀️,لاعبة كرة ماء لون البشرة متوسط
👮‍♀️,شرطية
👮🏿‍♀️,شرطية لون البشرة الداكن
👮🏻‍♀️,شرطية لون البشرة فاتح
👮🏾‍♀️,شرطية لون البشرة متوسط داكن
👮🏼‍♀️,شرطية لون البشرة متوسط فاتح
👮🏽‍♀️,شرطية لون البشرة متوسط
🙎‍♀️,امرأة مستاءه
🙎🏿‍♀️,امرأة مستاءه لون البشرة الداكن
🙎🏻‍♀️,امرأة مستاءه لون البشرة فاتح
🙎🏾‍♀️,امرأة مستاءه لون البشرة متوسط داكن
🙎🏼‍♀️,امرأة مستاءه لون البشرة متوسط فاتح
🙎🏽‍♀️,امرأة مستاءه لون البشرة متوسط
🙋‍♀️,رفع يد المرأة
🙋🏿‍♀️,رفع يد المرأة لون البشرة الداكن
🙋🏻‍♀️,رفع يد المرأة لون البشرة فاتح
🙋🏾‍♀️,رفع يد المرأة لون البشرة متوسط داكن
🙋🏼‍♀️,رفع يد المرأة لون البشرة متوسط فاتح
🙋🏽‍♀️,رفع يد المرأة لون البشرة متوسط
🚣‍♀️,امرأة تجدف بقارب
🚣🏿‍♀️,امرأة تجدف بقارب لون البشرة الداكن
🚣🏻‍♀️,امرأة تجدف بقارب لون البشرة فاتح
🚣🏾‍♀️,امرأة تجدف بقارب لون البشرة متوسط داكن
🚣🏼‍♀️,امرأة تجدف بقارب لون البشرة متوسط فاتح
🚣🏽‍♀️,امرأة تجدف بقارب لون البشرة متوسط
🏃‍♀️,راكضة
🏃🏿‍♀️,راكضة لون البشرة الداكن
🏃🏻‍♀️,راكضة لون البشرة فاتح
🏃🏾‍♀️,راكضة لون البشرة متوسط داكن
🏃🏼‍♀️,راكضة لون البشرة متوسط فاتح
🏃🏽‍♀️,راكضة لون البشرة متوسط
👩‍🔬,عالمة
👩🏿‍🔬,عالمة لون البشرة الداكن
👩🏻‍🔬,عالمة لون البشرة فاتح
👩🏾‍🔬,عالمة لون البشرة متوسط داكن
👩🏼‍🔬,عالمة لون البشرة متوسط فاتح
👩🏽‍🔬,عالمة لون البشرة متوسط
🤷‍♀️,سيدة لا تبالي
🤷🏿‍♀️,سيدة لا تبالي لون البشرة الداكن
🤷🏻‍♀️,سيدة لا تبالي لون البشرة فاتح
🤷🏾‍♀️,سيدة لا تبالي لون البشرة متوسط داكن
🤷🏼‍♀️,سيدة لا تبالي لون البشرة متوسط فاتح
🤷🏽‍♀️,سيدة لا تبالي لون البشرة متوسط
👩‍🎤,امرأة مغنية
👩🏿‍🎤,امرأة مغنية لون البشرة الداكن
👩🏻‍🎤,امرأة مغنية لون البشرة فاتح
👩🏾‍🎤,امرأة مغنية لون البشرة متوسط داكن
👩🏼‍🎤,امرأة مغنية لون البشرة متوسط فاتح
👩🏽‍🎤,امرأة مغنية لون البشرة متوسط
👩‍🎓,طالبة متخرجة
👩🏿‍🎓,طالبة متخرجة لون البشرة الداكن
👩🏻‍🎓,طالبة متخرجة لون البشرة فاتح
👩🏾‍🎓,طالبة متخرجة لون البشرة متوسط داكن
👩🏼‍🎓,طالبة متخرجة لون البشرة متوسط فاتح
👩🏽‍🎓,طالبة متخرجة لون البشرة متوسط
🏄‍♀️,راكبة أمواج
🏄🏿‍♀️,راكبة أمواج لون البشرة الداكن
🏄🏻‍♀️,راكبة أمواج لون البشرة فاتح
🏄🏾‍♀️,راكبة أمواج لون البشرة متوسط داكن
🏄🏼‍♀️,راكبة أمواج لون البشرة متوسط فاتح
🏄🏽‍♀️,راكبة أمواج لون البشرة متوسط
🏊‍♀️,سباحة
🏊🏿‍♀️,سباحة لون البشرة الداكن
🏊🏻‍♀️,سباحة لون البشرة فاتح
🏊🏾‍♀️,سباحة لون البشرة متوسط داكن
🏊🏼‍♀️,سباحة لون البشرة متوسط فاتح
🏊🏽‍♀️,سباحة لون البشرة متوسط
👩‍🏫,معلمة
👩🏿‍🏫,معلمة لون البشرة الداكن
👩🏻‍🏫,معلمة لون البشرة فاتح
👩🏾‍🏫,معلمة لون البشرة متوسط داكن
👩🏼‍🏫,معلمة لون البشرة متوسط فاتح
👩🏽‍🏫,معلمة لون البشرة متوسط
👩‍💻,عالمة تكنولوجيا 
👩🏿‍💻,عالمة تكنولوجيا لون البشرة الداكن
👩🏻‍💻,عالمة تكنولوجيا لون البشرة فاتح
👩🏾‍💻,عالمة تكنولوجيا لون البشرة متوسط داكن
👩🏼‍💻,عالمة تكنولوجيا لون البشرة متوسط فاتح
👩🏽‍💻,عالمة تكنولوجيا لون البشرة متوسط
💁‍♀️,سيدة بيد مائلة
💁🏿‍♀️,سيدة بيد مائلة لون البشرة الداكن
💁🏻‍♀️,سيدة بيد مائلة لون البشرة فاتح
💁🏾‍♀️,سيدة بيد مائلة لون البشرة متوسط داكن
💁🏼‍♀️,سيدة بيد مائلة لون البشرة متوسط فاتح
💁🏽‍♀️,سيدة بيد مائلة لون البشرة متوسط
🧛‍♀️,مصاصة دماء
🧛🏿‍♀️,مصاصة دماء لون البشرة الداكن
🧛🏻‍♀️,مصاصة دماء لون البشرة فاتح
🧛🏾‍♀️,مصاصة دماء لون البشرة متوسط داكن
🧛🏼‍♀️,مصاصة دماء لون البشرة متوسط فاتح
🧛🏽‍♀️,مصاصة دماء لون البشرة متوسط
🚶‍♀️,امرأة تمشي
🚶🏿‍♀️,امرأة تمشي لون البشرة الداكن
🚶🏻‍♀️,امرأة تمشي لون البشرة فاتح
🚶🏾‍♀️,امرأة تمشي لون البشرة متوسط داكن
🚶🏼‍♀️,امرأة تمشي لون البشرة متوسط فاتح
🚶🏽‍♀️,امرأة تمشي لون البشرة متوسط
👳‍♀️,امرأة ترتدي عمامة
👳🏿‍♀️,امرأة ترتدي عمامة لون البشرة الداكن
👳🏻‍♀️,امرأة ترتدي عمامة لون البشرة فاتح
👳🏾‍♀️,امرأة ترتدي عمامة لون البشرة متوسط داكن
👳🏼‍♀️,امرأة ترتدي عمامة لون البشرة متوسط فاتح
👳🏽‍♀️,امرأة ترتدي عمامة لون البشرة متوسط
🧕,امرأة محجبة
🧕🏿,امرأة محجبة لون البشرة الداكن
🧕🏻,امرأة محجبة لون البشرة فاتح
🧕🏾,امرأة محجبة لون البشرة متوسط داكن
🧕🏼,امرأة محجبة لون البشرة متوسط فاتح
🧕🏽,امرأة محجبة لون البشرة متوسط
🧟‍♀️,امرأة زومبي
👢,حذاء
👚,الملابس النسائية
👒,قبعة نسائية
👡,صندل
👯‍♀️,النساء مع آذان الارنب
🤼‍♀️,مصارعة النساء
🚺,للنساء
🗺,خريطة العالم
😟,قلق
🎁,هدية 
🔧,مفتاح ربط
✍,يد تكتب
✍🏿,يد تكتب لون البشرة الداكن
✍🏻,يد تكتب لون البشرة فاتح
✍🏾,يد تكتب لون البشرة متوسط داكن
✍🏼,يد تكتب لون البشرة متوسط فاتح
✍🏽,يد تكتب لون البشرة متوسط
💛,قلب أصفر
💴,الين
☯,يين يانغ
🤪,وجه مجنون
🦓,الحمار الوحشي
🤐,وجه بفم مقفول
🧟,زومبي
💤,نعسان
🇦🇽,العلم لجزر آلاند
📅,تقويم
🐈,قطة
🐄,بقرة
🕶,النظارات الشمسية الداكنة
🐕,كلب
🐪,جمل
🏻,بشرة بلون فاتح
🏼,بشرة بلون فاتح معتدل 
🏽,بشرة بلون معتدل 
🏾,بشرة بلون معتدل مائل للغامق
🏿,بشرة بلون غامق
🏤,مكتب بريد
⎈,هيلم سيمبول
🐎,حصان
*⃣ ,النجمة
8⃣,عدد ثمانية
5⃣,عدد خمسة
4⃣,أرقام أربعة
9⃣,رقم تسعة
1⃣ ,رقم واحد
7⃣,عدد سبعة
6⃣,رقم ستة
3⃣,عدد ثلاثة
2⃣,عدد اثنين
0⃣,رقم صفر
#⃣,علامة الرقم
💏,قبلة زوجين
🐁,فأر
✏,قلم
🐖,خنزير
🐇,أرنب
🐅,نمر
🚆,قطار
SA,علم السعودية
🐋,حوت أزرق
